"행정구역별(1)",행정구역별(2),2016,2016,2016,2016,2016,2016,2016,2016,2016,2016,2016,2016,2016,2016,2016,2016,2016,2016,2016,2016,2016,2016,2016,2016,2016,2016,2016,2016,2016,2016,2016,2016,2016,2016,2016,2016
"행정구역별(1)",행정구역별(2),공공의료시설,공공의료시설,공공의료시설,공공의료시설,공공의료시설,공공의료시설,공공의료시설,공공의료시설,공공의료시설,공공의료시설,공공의료시설,공공의료시설,병·의원,병·의원,병·의원,병·의원,병·의원,병·의원,병·의원,병·의원,병·의원,병·의원,병·의원,병·의원,종합병원,종합병원,종합병원,종합병원,종합병원,종합병원,종합병원,종합병원,종합병원,종합병원,종합병원,종합병원
"행정구역별(1)",행정구역별(2),오전첨두(07-09시),오전첨두(07-09시),오전첨두(07-09시),오전첨두(07-09시),낮시간(12-14시),낮시간(12-14시),낮시간(12-14시),낮시간(12-14시),저녁첨두(18-20시),저녁첨두(18-20시),저녁첨두(18-20시),저녁첨두(18-20시),오전첨두(07-09시),오전첨두(07-09시),오전첨두(07-09시),오전첨두(07-09시),낮시간(12-14시),낮시간(12-14시),낮시간(12-14시),낮시간(12-14시),저녁첨두(18-20시),저녁첨두(18-20시),저녁첨두(18-20시),저녁첨두(18-20시),오전첨두(07-09시),오전첨두(07-09시),오전첨두(07-09시),오전첨두(07-09시),낮시간(12-14시),낮시간(12-14시),낮시간(12-14시),낮시간(12-14시),저녁첨두(18-20시),저녁첨두(18-20시),저녁첨두(18-20시),저녁첨두(18-20시)
"행정구역별(1)",행정구역별(2),15분 이내,30분 이내,45분 이내,60분 이내,15분 이내,30분 이내,45분 이내,60분 이내,15분 이내,30분 이내,45분 이내,60분 이내,15분 이내,30분 이내,45분 이내,60분 이내,15분 이내,30분 이내,45분 이내,60분 이내,15분 이내,30분 이내,45분 이내,60분 이내,15분 이내,30분 이내,45분 이내,60분 이내,15분 이내,30분 이내,45분 이내,60분 이내,15분 이내,30분 이내,45분 이내,60분 이내
"서울특별시",소계,36.42,97.29,99.98,100.00,34.19,96.86,99.98,100.00,32.80,97.20,99.98,100.00,99.99,100.00,100.00,100.00,99.99,100.00,100.00,100.00,99.99,100.00,100.00,100.00,53.31,99.66,100.00,100.00,51.23,99.55,100.00,100.00,51.34,99.24,100.00,100.00
"서울특별시",종로구,49.59,97.56,100.00,100.00,40.14,97.56,100.00,100.00,34.25,97.17,100.00,100.00,100.00,100.00,100.00,100.00,100.00,100.00,100.00,100.00,100.00,100.00,100.00,100.00,73.08,97.93,100.00,100.00,64.75,98.27,100.00,100.00,70.62,96.89,100.00,100.00
"서울특별시",중구,78.85,100.00,100.00,100.00,77.29,100.00,100.00,100.00,61.40,100.00,100.00,100.00,100.00,100.00,100.00,100.00,100.00,100.00,100.00,100.00,100.00,100.00,100.00,100.00,75.63,100.00,100.00,100.00,67.49,100.00,100.00,100.00,70.39,100.00,100.00,100.00
"서울특별시",용산구,23.35,100.00,100.00,100.00,23.46,98.01,100.00,100.00,17.05,100.00,100.00,100.00,100.00,100.00,100.00,100.00,100.00,100.00,100.00,100.00,100.00,100.00,100.00,100.00,24.80,100.00,100.00,100.00,21.77,100.00,100.00,100.00,19.70,100.00,100.00,100.00
"서울특별시",성동구,39.74,100.00,100.00,100.00,40.26,100.00,100.00,100.00,34.88,100.00,100.00,100.00,100.00,100.00,100.00,100.00,100.00,100.00,100.00,100.00,100.00,100.00,100.00,100.00,47.01,100.00,100.00,100.00,38.90,100.00,100.00,100.00,44.31,100.00,100.00,100.00
"서울특별시",광진구,52.18,100.00,100.00,100.00,47.02,100.00,100.00,100.00,42.71,100.00,100.00,100.00,100.00,100.00,100.00,100.00,100.00,100.00,100.00,100.00,100.00,100.00,100.00,100.00,68.86,100.00,100.00,100.00,66.73,100.00,100.00,100.00,68.45,100.00,100.00,100.00
"서울특별시",동대문구,24.78,99.58,100.00,100.00,23.64,100.00,100.00,100.00,24.11,100.00,100.00,100.00,100.00,100.00,100.00,100.00,100.00,100.00,100.00,100.00,100.00,100.00,100.00,100.00,71.10,100.00,100.00,100.00,66.01,100.00,100.00,100.00,65.21,100.00,100.00,100.00
"서울특별시",중랑구,36.80,100.00,100.00,100.00,34.04,100.00,100.00,100.00,33.85,100.00,100.00,100.00,100.00,100.00,100.00,100.00,100.00,100.00,100.00,100.00,100.00,100.00,100.00,100.00,78.84,100.00,100.00,100.00,73.02,100.00,100.00,100.00,72.39,100.00,100.00,100.00
"서울특별시",성북구,36.27,97.97,100.00,100.00,34.40,97.97,100.00,100.00,33.33,98.58,100.00,100.00,99.81,100.00,100.00,100.00,99.90,100.00,100.00,100.00,99.90,100.00,100.00,100.00,23.14,97.49,100.00,100.00,19.88,99.26,100.00,100.00,19.93,98.77,100.00,100.00
"서울특별시",강북구,24.21,100.00,100.00,100.00,24.85,96.17,100.00,100.00,25.15,97.01,100.00,100.00,100.00,100.00,100.00,100.00,100.00,100.00,100.00,100.00,100.00,100.00,100.00,100.00,56.84,100.00,100.00,100.00,47.24,100.00,100.00,100.00,48.73,100.00,100.00,100.00
"서울특별시",도봉구,71.00,100.00,100.00,100.00,67.43,100.00,100.00,100.00,69.67,100.00,100.00,100.00,100.00,100.00,100.00,100.00,100.00,100.00,100.00,100.00,100.00,100.00,100.00,100.00,30.51,99.72,100.00,100.00,31.44,99.17,100.00,100.00,30.03,99.87,100.00,100.00
"서울특별시",노원구,54.61,99.92,100.00,100.00,53.73,99.92,100.00,100.00,53.49,99.77,100.00,100.00,100.00,100.00,100.00,100.00,100.00,100.00,100.00,100.00,100.00,100.00,100.00,100.00,54.72,100.00,100.00,100.00,49.65,100.00,100.00,100.00,50.20,100.00,100.00,100.00
"서울특별시",은평구,62.16,94.73,100.00,100.00,62.22,95.47,100.00,100.00,60.78,95.27,100.00,100.00,99.89,100.00,100.00,100.00,99.89,100.00,100.00,100.00,99.89,100.00,100.00,100.00,34.68,100.00,100.00,100.00,37.36,100.00,100.00,100.00,36.02,100.00,100.00,100.00
"서울특별시",서대문구,64.22,100.00,100.00,100.00,65.10,100.00,100.00,100.00,60.03,100.00,100.00,100.00,100.00,100.00,100.00,100.00,100.00,100.00,100.00,100.00,100.00,100.00,100.00,100.00,59.80,100.00,100.00,100.00,61.65,100.00,100.00,100.00,60.66,100.00,100.00,100.00
"서울특별시",마포구,28.58,100.00,100.00,100.00,29.69,99.55,100.00,100.00,22.69,100.00,100.00,100.00,100.00,100.00,100.00,100.00,100.00,100.00,100.00,100.00,100.00,100.00,100.00,100.00,13.18,99.24,100.00,100.00,21.48,97.00,100.00,100.00,15.78,97.54,100.00,100.00
"서울특별시",양천구,13.41,83.06,100.00,100.00,13.39,93.67,100.00,100.00,14.08,85.92,100.00,100.00,100.00,100.00,100.00,100.00,100.00,100.00,100.00,100.00,100.00,100.00,100.00,100.00,45.88,99.62,100.00,100.00,48.65,100.00,100.00,100.00,44.15,98.78,100.00,100.00
"서울특별시",강서구,24.91,99.76,100.00,100.00,26.40,99.60,100.00,100.00,22.72,98.29,100.00,100.00,100.00,100.00,100.00,100.00,100.00,100.00,100.00,100.00,100.00,100.00,100.00,100.00,62.29,100.00,100.00,100.00,61.29,100.00,100.00,100.00,60.91,100.00,100.00,100.00
"서울특별시",구로구,26.32,98.98,100.00,100.00,20.60,99.71,100.00,100.00,23.37,99.46,100.00,100.00,100.00,100.00,100.00,100.00,100.00,100.00,100.00,100.00,100.00,100.00,100.00,100.00,59.88,100.00,100.00,100.00,64.10,100.00,100.00,100.00,63.43,100.00,100.00,100.00
"서울특별시",금천구,41.21,100.00,100.00,100.00,46.38,100.00,100.00,100.00,47.02,100.00,100.00,100.00,100.00,100.00,100.00,100.00,100.00,100.00,100.00,100.00,100.00,100.00,100.00,100.00,61.23,100.00,100.00,100.00,60.40,100.00,100.00,100.00,55.87,100.00,100.00,100.00
"서울특별시",영등포구,16.62,100.00,100.00,100.00,14.26,100.00,100.00,100.00,11.56,100.00,100.00,100.00,100.00,100.00,100.00,100.00,100.00,100.00,100.00,100.00,100.00,100.00,100.00,100.00,90.82,100.00,100.00,100.00,87.47,100.00,100.00,100.00,86.51,100.00,100.00,100.00
"서울특별시",동작구,54.96,100.00,100.00,100.00,43.90,100.00,100.00,100.00,48.18,100.00,100.00,100.00,100.00,100.00,100.00,100.00,100.00,100.00,100.00,100.00,100.00,100.00,100.00,100.00,64.72,100.00,100.00,100.00,59.96,100.00,100.00,100.00,63.44,100.00,100.00,100.00
"서울특별시",관악구,31.28,98.65,100.00,100.00,31.33,99.41,100.00,100.00,27.82,98.01,100.00,100.00,100.00,100.00,100.00,100.00,100.00,100.00,100.00,100.00,100.00,100.00,100.00,100.00,62.50,100.00,100.00,100.00,62.28,100.00,100.00,100.00,60.44,99.54,100.00,100.00
"서울특별시",서초구,53.86,99.89,100.00,100.00,46.94,99.89,100.00,100.00,44.37,99.89,100.00,100.00,100.00,100.00,100.00,100.00,99.89,100.00,100.00,100.00,99.89,100.00,100.00,100.00,41.17,97.00,100.00,100.00,33.82,95.86,100.00,100.00,41.49,92.15,100.00,100.00
"서울특별시",강남구,35.32,96.97,100.00,100.00,24.99,96.41,100.00,100.00,27.28,96.01,100.00,100.00,100.00,100.00,100.00,100.00,100.00,100.00,100.00,100.00,100.00,100.00,100.00,100.00,66.37,100.00,100.00,100.00,63.51,99.84,100.00,100.00,63.22,99.92,100.00,100.00
"서울특별시",송파구,18.40,98.81,100.00,100.00,16.40,97.81,100.00,100.00,16.11,98.78,100.00,100.00,100.00,100.00,100.00,100.00,100.00,100.00,100.00,100.00,100.00,100.00,100.00,100.00,34.93,99.99,100.00,100.00,30.67,99.15,100.00,100.00,31.30,98.12,100.00,100.00
"서울특별시",강동구,0.00,75.16,99.56,100.00,0.00,58.00,99.55,100.00,0.00,74.64,99.55,100.00,100.00,100.00,100.00,100.00,100.00,100.00,100.00,100.00,100.00,100.00,100.00,100.00,58.93,100.00,100.00,100.00,59.90,100.00,100.00,100.00,62.94,100.00,100.00,100.00
"인천광역시",소계,53.61,98.69,99.65,99.82,53.17,98.67,99.77,99.88,49.45,98.48,99.78,99.87,98.01,98.97,99.35,99.47,97.99,99.00,99.36,99.57,98.04,99.11,99.41,99.75,67.66,95.29,97.00,98.04,68.68,95.40,97.03,98.17,63.64,95.38,96.68,98.01
"인천광역시",동부,53.97,99.02,99.92,99.93,53.59,99.01,99.96,99.98,49.63,98.82,99.91,99.94,99.38,99.86,99.95,100.00,99.39,99.93,99.98,99.98,99.37,99.94,99.98,100.00,69.26,97.54,99.29,99.87,70.30,97.65,99.26,99.96,65.15,97.64,98.94,99.88
"인천광역시",읍·면부,38.50,84.59,88.33,95.29,35.39,84.04,91.48,95.72,41.64,84.35,94.28,96.82,39.93,61.35,73.98,77.00,38.49,59.63,72.89,82.04,41.66,63.79,75.18,89.38,0.00,0.00,0.00,20.32,0.00,0.00,2.45,22.17,0.00,0.00,0.96,18.63
"인천광역시",중구,46.79,97.79,98.90,99.19,45.93,86.32,100.00,100.00,46.21,94.67,99.19,100.00,91.40,96.36,98.75,100.00,91.40,98.11,99.55,99.55,91.40,98.46,99.55,100.00,33.72,44.55,82.96,97.69,38.15,44.55,81.71,99.55,36.58,44.55,74.45,98.50
"인천광역시",동구,95.71,100.00,100.00,100.00,96.18,100.00,100.00,100.00,92.43,100.00,100.00,100.00,100.00,100.00,100.00,100.00,100.00,100.00,100.00,100.00,100.00,100.00,100.00,100.00,94.75,100.00,100.00,100.00,92.20,100.00,100.00,100.00,88.51,100.00,100.00,100.00
"인천광역시",남구,70.16,100.00,100.00,100.00,73.85,100.00,100.00,100.00,66.00,100.00,100.00,100.00,100.00,100.00,100.00,100.00,100.00,100.00,100.00,100.00,100.00,100.00,100.00,100.00,81.48,100.00,100.00,100.00,86.25,100.00,100.00,100.00,82.14,100.00,100.00,100.00
"인천광역시",연수구,51.60,100.00,100.00,100.00,49.75,100.00,100.00,100.00,40.34,100.00,100.00,100.00,98.34,100.00,100.00,100.00,98.54,100.00,100.00,100.00,98.34,100.00,100.00,100.00,62.65,100.00,100.00,100.00,62.44,100.00,100.00,100.00,53.21,99.74,100.00,100.00
"인천광역시",남동구,34.54,98.87,100.00,100.00,37.63,99.34,100.00,100.00,32.55,98.82,100.00,100.00,99.89,100.00,100.00,100.00,99.89,100.00,100.00,100.00,99.89,100.00,100.00,100.00,51.25,100.00,100.00,100.00,50.57,99.89,100.00,100.00,46.21,99.86,100.00,100.00
"인천광역시",부평구,69.87,100.00,100.00,100.00,66.81,100.00,100.00,100.00,63.96,100.00,100.00,100.00,100.00,100.00,100.00,100.00,100.00,100.00,100.00,100.00,100.00,100.00,100.00,100.00,83.49,100.00,100.00,100.00,84.92,100.00,100.00,100.00,80.47,100.00,100.00,100.00
"인천광역시",계양구,67.15,99.81,99.81,99.81,62.84,99.81,99.81,99.81,63.99,99.81,99.81,99.81,99.75,100.00,100.00,100.00,99.85,100.00,100.00,100.00,99.85,100.00,100.00,100.00,73.37,99.81,99.81,99.81,74.68,99.68,99.81,99.81,62.49,99.81,99.81,99.81
"인천광역시",서구,32.50,96.29,99.92,99.92,31.47,98.30,99.92,100.00,30.01,95.89,99.79,99.79,99.77,100.00,100.00,100.00,99.66,100.00,100.00,100.00,99.64,100.00,100.00,100.00,68.57,98.54,99.92,99.92,68.31,99.36,100.00,100.00,66.93,99.41,99.79,99.79
"인천광역시",강화군,39.41,87.01,91.12,94.83,36.00,86.41,90.64,95.30,42.87,86.75,93.72,96.51,41.88,61.70,75.57,78.89,40.30,60.66,71.07,81.13,42.93,65.16,73.52,88.33,0.00,0.00,0.00,22.32,0.00,0.00,2.70,24.35,0.00,0.00,1.06,20.46
"인천광역시",옹진군,29.16,59.91,59.91,100.00,29.16,59.91,100.00,100.00,29.16,59.91,100.00,100.00,20.08,57.77,57.77,57.77,20.08,49.15,91.38,91.38,28.70,49.84,92.07,100.00,0.00,0.00,0.00,0.00,0.00,0.00,0.00,0.00,0.00,0.00,0.00,0.00
"경기도",소계,40.59,95.55,98.75,99.26,42.46,95.31,98.50,98.93,39.41,95.22,98.84,99.33,93.69,97.58,98.49,99.04,93.62,97.44,98.25,98.70,93.67,97.65,98.52,99.16,33.28,79.74,91.61,94.88,33.94,79.72,91.65,94.50,32.51,78.14,91.54,94.86
"경기도",동부,40.36,97.58,99.72,99.85,42.64,97.13,99.62,99.75,39.28,96.78,99.67,99.82,98.41,99.87,99.93,99.95,98.38,99.85,99.92,99.94,98.31,99.82,99.91,99.96,37.90,89.03,98.38,99.25,38.73,89.01,98.50,99.03,36.90,87.27,98.41,99.12
"경기도",읍·면부,41.72,85.41,93.92,96.33,41.58,86.25,92.92,94.86,40.03,87.39,94.69,96.85,70.19,86.22,91.35,94.48,69.91,85.46,89.94,92.50,70.46,86.75,91.60,95.18,10.34,33.53,57.95,73.17,10.11,33.48,57.55,71.97,10.30,31.97,56.85,73.32
"경기도",수원시,26.11,99.68,100.00,100.00,30.42,99.90,100.00,100.00,25.43,99.30,100.00,100.00,99.95,100.00,100.00,100.00,99.95,100.00,100.00,100.00,99.93,100.00,100.00,100.00,23.47,95.25,99.52,100.00,24.83,93.87,99.96,100.00,22.46,91.26,99.52,99.52
"경기도",성남시,44.76,99.63,100.00,100.00,48.63,99.51,99.96,100.00,44.91,99.77,100.00,100.00,99.48,100.00,100.00,100.00,99.53,100.00,100.00,100.00,99.54,100.00,100.00,100.00,60.47,99.15,99.86,100.00,66.52,99.48,99.91,100.00,60.64,98.74,99.86,100.00
"경기도",의정부시,51.11,99.72,100.00,100.00,53.56,99.60,99.88,99.88,47.01,99.70,99.88,100.00,99.85,100.00,100.00,100.00,99.82,100.00,100.00,100.00,99.85,100.00,100.00,100.00,45.83,99.50,99.90,99.90,48.86,98.29,99.78,99.78,48.23,98.99,99.78,99.78
"경기도",안양시,46.38,100.00,100.00,100.00,51.36,100.00,100.00,100.00,45.53,100.00,100.00,100.00,100.00,100.00,100.00,100.00,100.00,100.00,100.00,100.00,100.00,100.00,100.00,100.00,65.28,100.00,100.00,100.00,66.22,100.00,100.00,100.00,61.63,100.00,100.00,100.00
"경기도",부천시,48.88,100.00,100.00,100.00,49.56,100.00,100.00,100.00,47.83,99.97,100.00,100.00,99.95,100.00,100.00,100.00,99.95,100.00,100.00,100.00,99.92,100.00,100.00,100.00,58.00,99.71,100.00,100.00,59.39,99.58,100.00,100.00,58.55,99.39,100.00,100.00
"경기도",광명시,36.16,99.10,100.00,100.00,31.50,98.13,100.00,100.00,27.77,98.13,100.00,100.00,99.57,100.00,100.00,100.00,99.58,100.00,100.00,100.00,99.44,100.00,100.00,100.00,49.23,99.58,100.00,100.00,42.71,99.58,100.00,100.00,44.94,99.23,100.00,100.00
"경기도",평택시,36.79,90.08,96.50,97.84,34.44,88.29,95.55,96.07,33.14,88.68,96.57,97.88,86.72,96.72,98.50,98.97,85.58,95.97,96.78,97.47,86.42,96.44,97.10,97.95,37.91,69.57,85.98,90.03,34.62,68.18,84.65,87.90,34.09,67.69,79.48,92.30
"경기도",동두천시,63.94,96.37,98.54,98.96,70.28,93.82,98.43,99.04,72.08,94.24,95.79,98.96,90.44,97.84,98.96,99.08,90.90,97.31,98.85,99.46,90.44,97.79,98.96,99.08,0.00,0.00,74.58,94.39,0.00,0.00,79.00,80.53,0.00,0.00,74.04,94.71
"경기도",안산시,35.80,97.48,99.98,99.98,42.21,98.47,99.98,99.98,34.39,98.81,99.98,99.98,98.90,99.86,99.86,99.86,98.95,99.86,99.86,99.86,98.94,99.72,99.82,99.92,33.19,92.51,99.00,99.00,31.74,90.70,98.89,99.39,30.64,90.53,98.95,99.51
"경기도",고양시,28.90,89.83,99.55,100.00,30.75,90.73,99.63,100.00,27.44,90.93,99.44,99.96,97.64,100.00,100.00,100.00,97.73,100.00,100.00,100.00,97.43,99.84,100.00,100.00,37.19,89.63,99.44,99.87,37.21,90.74,99.23,99.90,35.28,89.92,98.82,99.96
"경기도",과천시,74.33,99.00,100.00,100.00,71.25,100.00,100.00,100.00,70.96,99.00,100.00,100.00,98.62,100.00,100.00,100.00,97.65,100.00,100.00,100.00,97.65,100.00,100.00,100.00,0.00,86.85,96.12,99.33,0.00,86.28,96.12,96.12,0.00,85.38,95.12,96.12
"경기도",구리시,89.76,100.00,100.00,100.00,89.33,100.00,100.00,100.00,94.49,100.00,100.00,100.00,99.51,100.00,100.00,100.00,99.73,100.00,100.00,100.00,99.51,100.00,100.00,100.00,28.88,99.78,100.00,100.00,29.65,100.00,100.00,100.00,32.41,100.00,100.00,100.00
"경기도",남양주시,46.18,95.80,98.63,99.47,46.93,96.15,98.45,98.78,44.23,96.86,98.70,99.02,95.24,98.77,99.34,99.74,95.09,98.78,99.18,99.34,94.89,98.93,99.32,99.42,16.92,46.28,79.10,95.36,17.32,45.03,81.90,95.85,16.45,40.95,82.61,93.08
"경기도",오산시,29.63,98.69,100.00,100.00,29.79,98.25,99.14,99.61,31.28,92.02,99.42,99.62,98.77,99.79,100.00,100.00,98.77,99.79,99.79,100.00,98.77,99.79,99.79,100.00,51.92,93.14,99.79,100.00,54.28,95.18,98.92,100.00,52.60,92.85,99.21,99.60
"경기도",시흥시,43.80,95.41,100.00,100.00,43.63,94.09,99.88,100.00,44.18,91.70,100.00,100.00,98.79,100.00,100.00,100.00,98.83,100.00,100.00,100.00,98.62,100.00,100.00,100.00,38.20,78.16,99.54,100.00,36.85,86.19,99.80,99.88,41.72,83.39,99.12,100.00
"경기도",군포시,80.54,99.99,100.00,100.00,89.51,99.99,100.00,100.00,85.37,99.99,100.00,100.00,99.76,100.00,100.00,100.00,99.76,100.00,100.00,100.00,99.76,100.00,100.00,100.00,75.62,99.79,100.00,100.00,82.31,99.79,99.99,100.00,77.00,99.79,99.99,100.00
"경기도",의왕시,37.89,100.00,100.00,100.00,40.41,99.50,100.00,100.00,32.65,99.50,99.76,100.00,99.12,100.00,100.00,100.00,99.12,100.00,100.00,100.00,99.12,100.00,100.00,100.00,39.76,98.51,99.16,99.64,32.28,98.87,99.50,100.00,31.15,97.67,99.50,99.76
"경기도",하남시,45.53,97.32,100.00,100.00,48.73,93.20,100.00,100.00,44.69,94.88,100.00,100.00,96.51,99.52,100.00,100.00,95.48,100.00,100.00,100.00,95.74,100.00,100.00,100.00,0.44,58.62,98.12,100.00,0.44,48.04,97.43,100.00,0.44,40.73,97.69,100.00
"경기도",용인시,32.44,96.63,98.70,99.45,32.06,95.42,98.44,98.95,31.36,96.40,98.51,99.25,95.08,98.27,98.87,99.37,95.04,98.26,99.03,99.33,95.20,98.54,98.94,99.55,15.77,78.66,95.43,97.82,17.37,76.42,94.06,97.31,15.38,75.93,94.45,97.66
"경기도",파주시,47.16,87.14,96.72,99.01,43.53,89.65,96.72,98.51,44.69,89.24,96.08,98.91,86.15,95.01,98.66,99.21,85.76,95.04,98.40,99.29,86.80,95.13,98.98,99.53,15.26,59.76,83.55,93.43,15.94,59.09,84.18,91.47,14.11,57.17,88.00,93.15
"경기도",이천시,36.02,91.67,94.38,95.41,37.14,90.95,92.84,93.71,34.59,91.12,96.15,96.81,69.32,86.74,89.66,92.54,69.24,84.30,90.21,92.22,68.72,89.49,93.72,95.93,10.00,37.76,56.20,79.56,10.01,42.09,59.47,72.88,8.54,32.38,59.10,78.66
"경기도",안성시,23.18,85.29,92.45,93.75,21.22,82.33,91.62,92.67,23.90,87.38,94.19,94.67,64.06,84.36,89.11,92.73,64.82,84.83,87.53,89.50,64.83,84.53,88.22,92.52,30.11,63.25,74.44,82.71,18.52,61.14,73.88,80.99,26.73,59.89,76.04,84.49
"경기도",김포시,37.65,96.41,99.44,99.68,43.18,97.34,99.05,99.44,36.01,95.42,99.18,100.00,93.86,98.26,99.19,100.00,94.00,98.09,98.59,99.87,94.34,98.24,99.08,100.00,36.20,86.40,94.02,96.83,34.43,84.85,93.81,95.78,32.69,82.72,92.97,96.79
"경기도",화성시,42.00,95.03,97.64,98.74,43.76,92.77,97.50,98.35,37.82,91.71,97.51,98.30,87.81,94.87,96.49,98.23,86.76,94.95,96.55,97.49,87.22,94.65,97.15,97.82,10.70,66.94,86.90,89.52,11.81,65.04,86.41,89.77,11.63,63.98,85.59,92.16
"경기도",광주시,48.07,94.33,98.70,99.48,48.83,93.94,97.48,98.92,46.70,92.74,98.97,99.33,86.24,95.33,96.93,97.84,86.45,94.06,95.58,96.72,86.02,94.90,96.54,98.58,16.53,58.51,87.53,93.35,21.02,73.61,84.89,91.51,15.19,60.02,85.59,90.87
"경기도",양주시,10.63,73.45,98.68,99.74,10.54,78.02,97.25,99.02,9.76,69.07,98.42,99.45,84.38,97.25,98.78,99.74,85.21,96.90,98.30,98.76,84.09,97.18,98.28,99.22,0.00,13.39,83.71,92.65,0.00,15.58,85.38,91.55,0.00,11.86,83.86,91.66
"경기도",포천시,65.73,89.01,93.73,96.24,64.57,88.88,92.99,94.89,64.46,92.64,95.62,97.54,64.83,85.52,90.32,95.11,65.05,84.02,89.46,93.09,64.00,85.01,90.38,95.27,34.76,56.88,70.37,81.89,35.88,57.79,70.05,78.62,35.98,56.92,65.87,81.89
"경기도",여주시,28.74,86.04,92.61,94.97,35.46,82.03,90.36,92.33,31.23,87.15,92.65,93.42,51.74,71.68,82.16,85.37,53.36,71.43,80.05,82.85,54.29,70.23,80.32,89.45,0.00,0.00,0.00,20.87,0.00,0.00,0.92,16.04,0.00,0.00,1.47,9.11
"경기도",연천군,47.16,87.17,95.74,96.12,52.14,92.42,93.95,95.66,56.63,92.61,94.13,95.18,57.35,74.00,81.50,95.42,59.45,72.55,82.91,88.63,59.00,75.45,83.71,89.46,0.00,0.00,0.00,8.30,0.00,0.00,0.00,8.30,0.00,0.00,0.00,8.41
"경기도",가평군,49.63,84.74,87.31,89.98,51.38,84.82,86.62,89.12,54.64,81.87,93.41,96.36,49.75,75.58,81.35,83.87,48.53,74.15,79.55,82.75,51.02,76.27,83.68,91.78,0.00,0.00,0.00,1.55,0.00,0.00,0.00,7.64,0.00,0.00,0.00,0.78
"경기도",양평군,28.61,74.00,79.30,84.37,28.22,67.06,76.72,82.03,30.12,75.29,87.73,91.93,39.79,60.72,75.51,81.22,39.32,58.84,67.34,75.44,39.05,63.71,74.71,86.97,0.00,0.00,0.00,6.72,0.00,0.00,0.00,24.66,0.00,0.00,0.00,8.40
