"행정구역별(1)","시간대별(1)",2017,2017,2017,2017,2017,2017,2017,2017,2017,2017,2017,2017,2018,2018,2018,2018,2018,2018,2018,2018,2018,2018,2018,2018,2019,2019,2019,2019,2019,2019,2019,2019,2019,2019,2019,2019,2020,2020,2020,2020,2020,2020,2020,2020,2020,2020,2020,2020,2021,2021,2021,2021,2021,2021,2021,2021,2021,2021,2021,2021,2022,2022,2022,2022,2022,2022,2022,2022,2022,2022,2022,2022,2023,2023,2023,2023,2023,2023,2023,2023,2023,2023,2023,2023
"행정구역별(1)","시간대별(1)",공공의료시설,공공의료시설,공공의료시설,공공의료시설,병·의원,병·의원,병·의원,병·의원,종합병원,종합병원,종합병원,종합병원,공공의료시설,공공의료시설,공공의료시설,공공의료시설,병·의원,병·의원,병·의원,병·의원,종합병원,종합병원,종합병원,종합병원,공공의료시설,공공의료시설,공공의료시설,공공의료시설,병·의원,병·의원,병·의원,병·의원,종합병원,종합병원,종합병원,종합병원,공공의료시설,공공의료시설,공공의료시설,공공의료시설,병·의원,병·의원,병·의원,병·의원,종합병원,종합병원,종합병원,종합병원,공공의료시설,공공의료시설,공공의료시설,공공의료시설,병·의원,병·의원,병·의원,병·의원,종합병원,종합병원,종합병원,종합병원,공공의료시설,공공의료시설,공공의료시설,공공의료시설,병·의원,병·의원,병·의원,병·의원,종합병원,종합병원,종합병원,종합병원,공공의료시설,공공의료시설,공공의료시설,공공의료시설,병·의원,병·의원,병·의원,병·의원,종합병원,종합병원,종합병원,종합병원
"행정구역별(1)","시간대별(1)",15분 이내,30분 이내,45분 이내,60분 이내,15분 이내,30분 이내,45분 이내,60분 이내,15분 이내,30분 이내,45분 이내,60분 이내,15분 이내,30분 이내,45분 이내,60분 이내,15분 이내,30분 이내,45분 이내,60분 이내,15분 이내,30분 이내,45분 이내,60분 이내,15분 이내,30분 이내,45분 이내,60분 이내,15분 이내,30분 이내,45분 이내,60분 이내,15분 이내,30분 이내,45분 이내,60분 이내,15분 이내,30분 이내,45분 이내,60분 이내,15분 이내,30분 이내,45분 이내,60분 이내,15분 이내,30분 이내,45분 이내,60분 이내,15분 이내,30분 이내,45분 이내,60분 이내,15분 이내,30분 이내,45분 이내,60분 이내,15분 이내,30분 이내,45분 이내,60분 이내,15분 이내,30분 이내,45분 이내,60분 이내,15분 이내,30분 이내,45분 이내,60분 이내,15분 이내,30분 이내,45분 이내,60분 이내,15분 이내,30분 이내,45분 이내,60분 이내,15분 이내,30분 이내,45분 이내,60분 이내,15분 이내,30분 이내,45분 이내,60분 이내
"전국","일평균(06-20시)",0.45,3.08,9.00,10.00,10.00,10.00,10.00,10.00,0.59,4.16,9.33,10.00,0.41,2.87,8.94,10.00,10.00,10.00,10.00,10.00,0.52,3.64,9.04,10.00,0.32,2.62,8.61,10.00,10.00,10.00,10.00,10.00,0.40,3.71,9.34,10.00,0.48,3.34,9.80,10.00,10.00,10.00,10.00,10.00,0.63,4.62,10.00,10.00,0.42,3.04,9.25,10.00,10.00,10.00,10.00,10.00,0.56,4.17,9.64,10.00,0.19,1.78,6.17,10.00,10.00,10.00,10.00,10.00,0.20,2.42,7.32,10.00,0.18,1.73,5.74,10.00,9.48,10.00,10.00,10.00,0.21,2.47,7.08,10.00
"전국","오전첨두(07-09시)",0.46,3.14,9.11,10.00,10.00,10.00,10.00,10.00,0.60,4.29,9.43,10.00,0.41,2.97,9.28,10.00,10.00,10.00,10.00,10.00,0.54,3.85,9.40,10.00,0.42,3.17,9.47,10.00,10.00,10.00,10.00,10.00,0.52,4.33,10.00,10.00,0.47,3.10,8.63,10.00,10.00,10.00,10.00,10.00,0.62,4.69,10.00,10.00,0.45,3.19,9.62,10.00,10.00,10.00,10.00,10.00,0.59,4.32,9.84,10.00,0.19,1.82,6.27,10.00,10.00,10.00,10.00,10.00,0.21,2.43,7.34,10.00,0.18,1.72,5.73,10.00,9.33,10.00,10.00,10.00,0.21,2.44,7.04,10.00
"전국","낮시간(12-14시)",0.46,3.09,9.00,10.00,10.00,10.00,10.00,10.00,0.59,4.13,9.37,10.00,0.41,2.84,8.87,10.00,10.00,10.00,10.00,10.00,0.53,3.73,9.24,10.00,0.39,2.91,8.90,10.00,10.00,10.00,10.00,10.00,0.49,3.96,9.50,10.00,0.46,3.37,9.97,10.00,10.00,10.00,10.00,10.00,0.62,4.58,10.00,10.00,0.43,3.00,9.15,10.00,10.00,10.00,10.00,10.00,0.56,4.15,9.59,10.00,0.19,1.80,6.19,10.00,10.00,10.00,10.00,10.00,0.21,2.43,7.35,10.00,0.19,1.74,5.78,10.00,9.50,10.00,10.00,10.00,0.21,2.48,7.10,10.00
"전국","저녁첨두(18-20시)",0.45,3.06,8.96,10.00,10.00,10.00,10.00,10.00,0.59,4.17,9.28,10.00,0.40,2.80,8.81,10.00,10.00,10.00,10.00,10.00,0.50,3.66,9.15,10.00,0.37,2.77,8.80,10.00,10.00,10.00,10.00,10.00,0.46,3.82,9.40,10.00,0.45,3.32,10.00,10.00,10.00,10.00,10.00,10.00,0.60,4.50,10.00,10.00,0.42,3.04,9.25,10.00,10.00,10.00,10.00,10.00,0.55,4.14,9.68,10.00,0.19,1.77,6.14,10.00,10.00,10.00,10.00,10.00,0.20,2.40,7.33,10.00,0.18,1.71,5.70,10.00,9.54,10.00,10.00,10.00,0.22,2.46,7.14,10.00
"서울특별시","일평균(06-20시)",0.46,4.62,10.00,10.00,10.00,10.00,10.00,10.00,0.76,7.88,10.00,10.00,0.42,4.04,10.00,10.00,10.00,10.00,10.00,10.00,0.62,6.47,10.00,10.00,0.40,4.85,10.00,10.00,10.00,10.00,10.00,10.00,0.63,8.19,10.00,10.00,0.68,6.29,10.00,10.00,10.00,10.00,10.00,10.00,1.07,10.00,10.00,10.00,0.62,5.77,10.00,10.00,10.00,10.00,10.00,10.00,0.96,9.37,10.00,10.00,0.25,3.41,10.00,10.00,10.00,10.00,10.00,10.00,0.33,5.27,10.00,10.00,0.28,3.87,10.00,10.00,10.00,10.00,10.00,10.00,0.40,6.25,10.00,10.00
"서울특별시","오전첨두(07-09시)",0.49,4.86,10.00,10.00,10.00,10.00,10.00,10.00,0.79,8.38,10.00,10.00,0.44,4.34,10.00,10.00,10.00,10.00,10.00,10.00,0.65,7.01,10.00,10.00,0.54,5.73,10.00,10.00,10.00,10.00,10.00,10.00,0.83,9.38,10.00,10.00,0.68,6.52,10.00,10.00,10.00,10.00,10.00,10.00,1.05,10.00,10.00,10.00,0.67,6.18,10.00,10.00,10.00,10.00,10.00,10.00,0.99,9.70,10.00,10.00,0.25,3.51,10.00,10.00,10.00,10.00,10.00,10.00,0.34,5.30,10.00,10.00,0.28,3.84,10.00,10.00,10.00,10.00,10.00,10.00,0.40,6.17,10.00,10.00
"서울특별시","낮시간(12-14시)",0.45,4.53,10.00,10.00,10.00,10.00,10.00,10.00,0.75,7.67,10.00,10.00,0.41,3.84,10.00,10.00,10.00,10.00,10.00,10.00,0.62,6.38,10.00,10.00,0.49,5.31,10.00,10.00,10.00,10.00,10.00,10.00,0.77,8.73,10.00,10.00,0.67,6.23,10.00,10.00,10.00,10.00,10.00,10.00,1.05,10.00,10.00,10.00,0.62,5.60,10.00,10.00,10.00,10.00,10.00,10.00,0.95,9.40,10.00,10.00,0.25,3.45,10.00,10.00,10.00,10.00,10.00,10.00,0.33,5.32,10.00,10.00,0.28,3.93,10.00,10.00,10.00,10.00,10.00,10.00,0.40,6.30,10.00,10.00
"서울특별시","저녁첨두(18-20시)",0.46,4.63,10.00,10.00,10.00,10.00,10.00,10.00,0.75,8.16,10.00,10.00,0.41,4.05,10.00,10.00,10.00,10.00,10.00,10.00,0.59,6.47,10.00,10.00,0.49,4.83,10.00,10.00,10.00,10.00,10.00,10.00,0.71,8.13,10.00,10.00,0.62,6.04,10.00,10.00,10.00,10.00,10.00,10.00,0.98,9.98,10.00,10.00,0.58,5.72,10.00,10.00,10.00,10.00,10.00,10.00,0.92,9.19,10.00,10.00,0.25,3.32,10.00,10.00,10.00,10.00,10.00,10.00,0.33,5.17,10.00,10.00,0.27,3.72,10.00,10.00,10.00,10.00,10.00,10.00,0.40,6.02,10.00,10.00
"부산광역시","일평균(06-20시)",1.24,8.76,10.00,10.00,10.00,10.00,10.00,10.00,2.52,10.00,10.00,10.00,0.68,4.92,10.00,10.00,10.00,10.00,10.00,10.00,1.18,7.53,10.00,10.00,0.42,3.25,10.00,10.00,10.00,10.00,10.00,10.00,0.72,5.86,10.00,10.00,0.66,4.52,10.00,10.00,10.00,10.00,10.00,10.00,1.20,7.83,10.00,10.00,0.52,3.57,10.00,10.00,10.00,10.00,10.00,10.00,0.90,5.99,10.00,10.00,0.24,1.85,6.42,10.00,10.00,10.00,10.00,10.00,0.34,3.26,9.93,10.00,0.31,3.04,9.86,10.00,10.00,10.00,10.00,10.00,0.53,5.55,10.00,10.00
"부산광역시","오전첨두(07-09시)",1.22,8.62,10.00,10.00,10.00,10.00,10.00,10.00,2.47,10.00,10.00,10.00,0.68,5.09,10.00,10.00,10.00,10.00,10.00,10.00,1.29,8.12,10.00,10.00,0.57,3.80,10.00,10.00,10.00,10.00,10.00,10.00,0.96,6.81,10.00,10.00,0.69,4.68,10.00,10.00,10.00,10.00,10.00,10.00,1.21,8.05,10.00,10.00,0.54,3.70,10.00,10.00,10.00,10.00,10.00,10.00,0.92,6.19,10.00,10.00,0.24,1.86,6.55,10.00,10.00,10.00,10.00,10.00,0.34,3.33,10.00,10.00,0.32,3.17,10.00,10.00,10.00,10.00,10.00,10.00,0.56,5.77,10.00,10.00
"부산광역시","낮시간(12-14시)",1.27,8.79,10.00,10.00,10.00,10.00,10.00,10.00,2.44,10.00,10.00,10.00,0.66,4.98,10.00,10.00,10.00,10.00,10.00,10.00,1.20,8.11,10.00,10.00,0.50,3.54,10.00,10.00,10.00,10.00,10.00,10.00,0.81,6.10,10.00,10.00,0.62,4.44,10.00,10.00,10.00,10.00,10.00,10.00,1.20,7.76,10.00,10.00,0.51,3.53,10.00,10.00,10.00,10.00,10.00,10.00,0.91,5.97,10.00,10.00,0.24,1.85,6.37,10.00,10.00,10.00,10.00,10.00,0.34,3.24,9.95,10.00,0.31,3.02,9.72,10.00,10.00,10.00,10.00,10.00,0.52,5.52,10.00,10.00
"부산광역시","저녁첨두(18-20시)",1.31,9.22,10.00,10.00,10.00,10.00,10.00,10.00,2.64,10.00,10.00,10.00,0.65,4.77,10.00,10.00,10.00,10.00,10.00,10.00,1.20,7.88,10.00,10.00,0.47,3.51,10.00,10.00,10.00,10.00,10.00,10.00,0.84,6.08,10.00,10.00,0.64,4.42,10.00,10.00,10.00,10.00,10.00,10.00,1.14,7.58,10.00,10.00,0.52,3.70,10.00,10.00,10.00,10.00,10.00,10.00,0.92,6.18,10.00,10.00,0.24,1.90,6.58,10.00,10.00,10.00,10.00,10.00,0.35,3.32,10.00,10.00,0.31,3.08,10.00,10.00,10.00,10.00,10.00,10.00,0.55,5.61,10.00,10.00
"대구광역시","일평균(06-20시)",0.37,2.75,8.45,10.00,10.00,10.00,10.00,10.00,0.37,3.09,7.66,10.00,0.35,2.60,7.83,10.00,10.00,10.00,10.00,10.00,0.48,3.64,8.99,10.00,0.29,2.80,8.50,10.00,10.00,10.00,10.00,10.00,0.46,4.50,10.00,10.00,0.34,2.45,7.23,10.00,10.00,10.00,10.00,10.00,0.55,3.94,10.00,10.00,0.34,2.54,7.30,10.00,10.00,10.00,10.00,10.00,0.58,4.34,10.00,10.00,0.16,1.79,5.76,10.00,10.00,10.00,10.00,10.00,0.23,2.99,9.14,10.00,0.14,1.27,4.39,9.37,10.00,10.00,10.00,10.00,0.19,2.30,7.53,10.00
"대구광역시","오전첨두(07-09시)",0.33,2.72,8.48,10.00,10.00,10.00,10.00,10.00,0.39,3.17,7.82,10.00,0.32,2.61,7.88,10.00,10.00,10.00,10.00,10.00,0.51,3.92,9.72,10.00,0.37,3.30,9.54,10.00,10.00,10.00,10.00,10.00,0.61,4.84,10.00,10.00,0.33,2.48,7.56,10.00,10.00,10.00,10.00,10.00,0.54,3.98,10.00,10.00,0.35,2.62,7.66,10.00,10.00,10.00,10.00,10.00,0.60,4.50,10.00,10.00,0.16,1.81,5.80,10.00,10.00,10.00,10.00,10.00,0.25,3.00,9.28,10.00,0.13,1.24,4.48,9.50,10.00,10.00,10.00,10.00,0.19,2.30,7.63,10.00
"대구광역시","낮시간(12-14시)",0.35,2.71,8.40,10.00,10.00,10.00,10.00,10.00,0.36,2.95,7.67,10.00,0.34,2.63,7.98,10.00,10.00,10.00,10.00,10.00,0.49,3.71,9.64,10.00,0.39,3.15,8.44,10.00,10.00,10.00,10.00,10.00,0.58,5.00,10.00,10.00,0.32,2.41,7.26,10.00,10.00,10.00,10.00,10.00,0.51,3.94,9.94,10.00,0.34,2.54,7.14,10.00,10.00,10.00,10.00,10.00,0.56,4.33,10.00,10.00,0.16,1.76,5.78,10.00,10.00,10.00,10.00,10.00,0.23,2.99,9.18,10.00,0.14,1.26,4.42,9.32,10.00,10.00,10.00,10.00,0.19,2.29,7.50,10.00
"대구광역시","저녁첨두(18-20시)",0.36,2.56,8.17,10.00,10.00,10.00,10.00,10.00,0.35,2.91,7.47,10.00,0.33,2.53,7.65,10.00,10.00,10.00,10.00,10.00,0.44,3.84,9.35,10.00,0.36,2.97,8.65,10.00,10.00,10.00,10.00,10.00,0.55,4.75,10.00,10.00,0.32,2.46,7.08,10.00,10.00,10.00,10.00,10.00,0.52,3.83,10.00,10.00,0.32,2.47,7.36,10.00,10.00,10.00,10.00,10.00,0.56,4.30,10.00,10.00,0.16,1.80,5.83,10.00,10.00,10.00,10.00,10.00,0.23,2.99,9.13,10.00,0.15,1.32,4.43,9.48,10.00,10.00,10.00,10.00,0.20,2.40,7.84,10.00
"인천광역시","일평균(06-20시)",0.51,3.49,10.00,10.00,10.00,10.00,10.00,10.00,0.68,5.15,10.00,10.00,0.55,3.73,10.00,10.00,10.00,10.00,10.00,10.00,0.80,5.87,10.00,10.00,0.34,3.29,10.00,10.00,10.00,10.00,10.00,10.00,0.54,4.99,10.00,10.00,0.48,3.42,10.00,10.00,10.00,10.00,10.00,10.00,0.73,5.36,10.00,10.00,0.42,3.12,10.00,10.00,10.00,10.00,10.00,10.00,0.65,4.95,10.00,10.00,0.19,1.76,5.99,10.00,10.00,10.00,10.00,10.00,0.26,2.56,9.52,10.00,0.14,1.09,3.85,9.97,9.18,10.00,10.00,10.00,0.19,1.54,6.10,10.00
"인천광역시","오전첨두(07-09시)",0.54,3.60,10.00,10.00,10.00,10.00,10.00,10.00,0.67,5.21,10.00,10.00,0.53,3.70,10.00,10.00,10.00,10.00,10.00,10.00,0.77,5.70,10.00,10.00,0.46,3.82,10.00,10.00,10.00,10.00,10.00,10.00,0.69,5.73,10.00,10.00,0.48,3.40,10.00,10.00,10.00,10.00,10.00,10.00,0.69,5.45,10.00,10.00,0.44,3.22,10.00,10.00,10.00,10.00,10.00,10.00,0.67,5.16,10.00,10.00,0.19,1.81,6.21,10.00,10.00,10.00,10.00,10.00,0.27,2.52,9.95,10.00,0.14,1.06,3.95,10.00,8.85,10.00,10.00,10.00,0.19,1.47,6.11,10.00
"인천광역시","낮시간(12-14시)",0.52,3.54,10.00,10.00,10.00,10.00,10.00,10.00,0.69,5.08,10.00,10.00,0.55,3.75,10.00,10.00,10.00,10.00,10.00,10.00,0.82,6.00,10.00,10.00,0.45,3.58,10.00,10.00,10.00,10.00,10.00,10.00,0.67,5.31,10.00,10.00,0.44,3.44,10.00,10.00,10.00,10.00,10.00,10.00,0.72,5.22,10.00,10.00,0.44,3.00,9.89,10.00,10.00,10.00,10.00,10.00,0.65,4.74,10.00,10.00,0.19,1.76,5.89,10.00,10.00,10.00,10.00,10.00,0.27,2.57,9.51,10.00,0.14,1.09,3.81,9.85,9.18,10.00,10.00,10.00,0.19,1.55,6.10,10.00
"인천광역시","저녁첨두(18-20시)",0.45,3.36,10.00,10.00,10.00,10.00,10.00,10.00,0.64,5.27,10.00,10.00,0.54,3.65,10.00,10.00,10.00,10.00,10.00,10.00,0.78,5.77,10.00,10.00,0.38,3.49,10.00,10.00,10.00,10.00,10.00,10.00,0.59,5.14,10.00,10.00,0.43,3.40,10.00,10.00,10.00,10.00,10.00,10.00,0.69,5.40,10.00,10.00,0.44,3.19,10.00,10.00,10.00,10.00,10.00,10.00,0.65,4.89,10.00,10.00,0.19,1.75,6.06,10.00,10.00,10.00,10.00,10.00,0.26,2.57,9.67,10.00,0.14,1.15,4.14,10.00,9.31,10.00,10.00,10.00,0.20,1.63,6.45,10.00
"광주광역시","일평균(06-20시)",0.31,2.22,6.17,10.00,10.00,10.00,10.00,10.00,0.99,6.10,10.00,10.00,0.39,2.77,7.40,10.00,10.00,10.00,10.00,10.00,1.24,7.47,10.00,10.00,0.19,2.05,6.52,10.00,10.00,10.00,10.00,10.00,0.76,7.17,10.00,10.00,0.36,2.83,7.94,10.00,10.00,10.00,10.00,10.00,1.31,8.81,10.00,10.00,0.30,2.46,6.78,10.00,10.00,10.00,10.00,10.00,1.17,7.80,10.00,10.00,0.11,1.52,4.80,10.00,10.00,10.00,10.00,10.00,0.38,4.58,10.00,10.00,0.13,1.69,5.10,10.00,10.00,10.00,10.00,10.00,0.40,4.74,10.00,10.00
"광주광역시","오전첨두(07-09시)",0.31,2.23,6.00,10.00,10.00,10.00,10.00,10.00,1.01,6.12,10.00,10.00,0.38,2.82,7.78,10.00,10.00,10.00,10.00,10.00,1.23,8.08,10.00,10.00,0.28,2.78,7.40,10.00,10.00,10.00,10.00,10.00,1.11,8.82,10.00,10.00,0.39,3.10,8.53,10.00,10.00,10.00,10.00,10.00,1.34,9.35,10.00,10.00,0.37,2.70,7.52,10.00,10.00,10.00,10.00,10.00,1.24,8.44,10.00,10.00,0.12,1.55,5.06,10.00,10.00,10.00,10.00,10.00,0.39,4.72,10.00,10.00,0.13,1.56,4.93,10.00,9.50,10.00,10.00,10.00,0.39,4.32,10.00,10.00
"광주광역시","낮시간(12-14시)",0.34,2.34,6.44,10.00,10.00,10.00,10.00,10.00,1.03,6.48,10.00,10.00,0.39,2.70,7.17,10.00,10.00,10.00,10.00,10.00,1.23,8.30,10.00,10.00,0.24,2.19,6.13,10.00,10.00,10.00,10.00,10.00,0.97,6.97,10.00,10.00,0.30,2.66,7.09,10.00,10.00,10.00,10.00,10.00,1.24,8.73,10.00,10.00,0.31,2.41,6.20,10.00,10.00,10.00,10.00,10.00,1.16,7.60,10.00,10.00,0.11,1.51,4.57,10.00,10.00,10.00,10.00,10.00,0.38,4.54,10.00,10.00,0.13,1.70,5.12,10.00,10.00,10.00,10.00,10.00,0.41,4.79,10.00,10.00
"광주광역시","저녁첨두(18-20시)",0.32,2.11,6.08,10.00,10.00,10.00,10.00,10.00,0.94,5.78,10.00,10.00,0.39,2.71,7.59,10.00,10.00,10.00,10.00,10.00,1.20,7.70,10.00,10.00,0.24,2.21,7.18,10.00,10.00,10.00,10.00,10.00,0.84,8.03,10.00,10.00,0.37,2.68,7.84,10.00,10.00,10.00,10.00,10.00,1.25,8.87,10.00,10.00,0.32,2.58,7.04,10.00,10.00,10.00,10.00,10.00,1.11,7.95,10.00,10.00,0.11,1.54,4.88,10.00,10.00,10.00,10.00,10.00,0.39,4.74,10.00,10.00,0.13,1.77,5.37,10.00,10.00,10.00,10.00,10.00,0.42,5.09,10.00,10.00
"대전광역시","일평균(06-20시)",0.41,2.90,8.61,10.00,10.00,10.00,10.00,10.00,0.42,2.76,6.24,9.17,0.42,3.42,10.00,10.00,10.00,10.00,10.00,10.00,0.48,3.37,6.99,9.34,0.26,2.66,8.59,10.00,10.00,10.00,10.00,10.00,0.30,2.82,6.90,9.94,0.42,3.49,9.91,10.00,10.00,10.00,10.00,10.00,0.51,3.72,7.57,10.00,0.34,2.95,8.81,10.00,10.00,10.00,10.00,10.00,0.42,3.30,7.08,10.00,0.13,1.66,5.69,10.00,10.00,10.00,10.00,10.00,0.10,1.65,5.21,8.45,0.13,1.58,5.37,10.00,9.19,10.00,10.00,10.00,0.11,1.55,5.05,8.38
"대전광역시","오전첨두(07-09시)",0.42,2.71,8.15,10.00,10.00,10.00,10.00,10.00,0.42,2.76,6.15,8.84,0.42,3.53,10.00,10.00,10.00,10.00,10.00,10.00,0.50,3.59,7.40,9.96,0.37,3.50,10.00,10.00,10.00,10.00,10.00,10.00,0.43,3.60,7.56,10.00,0.42,3.52,10.00,10.00,10.00,10.00,10.00,10.00,0.54,3.75,7.71,10.00,0.39,2.96,9.16,10.00,10.00,10.00,10.00,10.00,0.49,3.44,7.19,10.00,0.13,1.61,5.45,10.00,10.00,10.00,10.00,10.00,0.10,1.60,5.16,8.30,0.13,1.58,5.18,10.00,8.89,10.00,10.00,10.00,0.11,1.51,5.05,8.25
"대전광역시","낮시간(12-14시)",0.39,3.00,8.98,10.00,10.00,10.00,10.00,10.00,0.42,2.75,6.14,9.09,0.46,3.23,9.72,10.00,10.00,10.00,10.00,10.00,0.47,3.45,7.43,9.85,0.37,3.00,9.18,10.00,10.00,10.00,10.00,10.00,0.41,3.12,7.30,10.00,0.41,3.30,9.40,10.00,10.00,10.00,10.00,10.00,0.50,3.64,7.53,10.00,0.35,2.85,8.60,10.00,10.00,10.00,10.00,10.00,0.44,3.30,7.05,10.00,0.13,1.69,5.72,10.00,10.00,10.00,10.00,10.00,0.11,1.68,5.29,8.47,0.13,1.62,5.49,10.00,9.22,10.00,10.00,10.00,0.11,1.55,5.11,8.41
"대전광역시","저녁첨두(18-20시)",0.38,2.87,8.59,10.00,10.00,10.00,10.00,10.00,0.40,2.58,6.12,9.15,0.36,3.39,10.00,10.00,10.00,10.00,10.00,10.00,0.44,3.33,7.15,9.99,0.31,2.83,8.86,10.00,10.00,10.00,10.00,10.00,0.33,2.68,6.82,10.00,0.37,3.39,9.63,10.00,10.00,10.00,10.00,10.00,0.45,3.51,7.40,10.00,0.35,2.88,8.99,10.00,10.00,10.00,10.00,10.00,0.41,3.16,6.96,10.00,0.13,1.66,5.54,10.00,10.00,10.00,10.00,10.00,0.10,1.63,5.18,8.53,0.13,1.65,5.58,10.00,9.39,10.00,10.00,10.00,0.11,1.65,5.09,8.44
"울산광역시","일평균(06-20시)",0.30,1.69,4.93,9.04,10.00,10.00,10.00,10.00,0.44,2.39,4.77,7.08,0.48,3.04,7.91,10.00,10.00,10.00,10.00,10.00,0.67,3.44,6.18,7.83,0.20,1.65,5.00,9.96,10.00,10.00,10.00,10.00,0.32,2.46,4.83,7.24,0.46,2.68,7.55,10.00,10.00,10.00,10.00,10.00,0.77,3.92,7.17,9.22,0.38,2.47,6.69,10.00,10.00,10.00,10.00,10.00,0.67,3.65,6.72,8.91,0.15,1.44,5.06,10.00,10.00,10.00,10.00,10.00,0.20,2.39,5.22,8.07,0.18,2.28,7.34,10.00,10.00,10.00,10.00,10.00,0.26,3.10,6.56,8.04
"울산광역시","오전첨두(07-09시)",0.29,1.75,4.56,8.96,10.00,10.00,10.00,10.00,0.44,2.39,4.83,7.03,0.34,2.87,7.90,10.00,10.00,10.00,10.00,10.00,0.66,3.73,6.51,8.33,0.31,1.98,5.89,9.99,10.00,10.00,10.00,10.00,0.43,2.88,5.32,7.81,0.40,2.78,7.87,10.00,10.00,10.00,10.00,10.00,0.71,3.95,7.16,9.47,0.43,2.58,7.07,10.00,10.00,10.00,10.00,10.00,0.72,3.55,6.84,9.13,0.15,1.46,5.06,10.00,10.00,10.00,10.00,10.00,0.21,2.45,5.16,8.12,0.19,2.25,6.77,10.00,10.00,10.00,10.00,10.00,0.27,3.12,6.54,8.17
"울산광역시","낮시간(12-14시)",0.33,1.78,5.23,9.21,10.00,10.00,10.00,10.00,0.47,2.62,4.92,7.33,0.44,3.20,8.09,10.00,10.00,10.00,10.00,10.00,0.71,3.82,6.64,8.44,0.30,1.90,5.26,10.00,10.00,10.00,10.00,10.00,0.40,2.74,5.19,7.52,0.39,2.72,7.27,10.00,10.00,10.00,10.00,10.00,0.70,3.92,7.22,9.32,0.40,2.62,6.42,10.00,10.00,10.00,10.00,10.00,0.72,3.66,6.53,8.91,0.15,1.55,5.37,9.67,10.00,10.00,10.00,10.00,0.21,2.35,5.24,8.09,0.17,2.29,7.46,10.00,10.00,10.00,10.00,10.00,0.25,3.11,6.54,7.85
"울산광역시","저녁첨두(18-20시)",0.27,1.69,4.70,8.99,10.00,10.00,10.00,10.00,0.40,2.20,4.53,7.02,0.47,2.80,8.00,10.00,10.00,10.00,10.00,10.00,0.67,3.55,6.51,8.49,0.21,1.90,4.91,10.00,10.00,10.00,10.00,10.00,0.39,2.57,5.16,7.49,0.46,2.61,7.72,10.00,10.00,10.00,10.00,10.00,0.74,3.89,7.21,9.14,0.37,2.32,6.74,10.00,10.00,10.00,10.00,10.00,0.69,3.59,6.94,8.47,0.16,1.42,5.20,10.00,10.00,10.00,10.00,10.00,0.21,2.30,5.13,8.08,0.18,2.28,7.59,10.00,10.00,10.00,10.00,10.00,0.26,3.06,6.52,8.12
"세종특별자치시","일평균(06-20시)",0.40,2.27,7.13,10.00,10.00,10.00,10.00,10.00,0.00,0.02,0.48,3.38,0.51,3.18,9.55,10.00,10.00,10.00,10.00,10.00,0.00,0.01,1.14,5.57,0.24,1.99,6.33,10.00,10.00,10.00,10.00,10.00,0.13,0.70,1.54,5.01,0.35,2.98,7.64,10.00,10.00,10.00,10.00,10.00,0.39,1.48,2.42,6.64,0.39,2.47,7.41,10.00,10.00,10.00,10.00,10.00,0.35,1.49,2.46,5.85,0.09,1.31,4.80,10.00,5.73,10.00,10.00,10.00,0.07,0.99,1.74,3.23,0.09,1.09,4.30,10.00,4.74,10.00,10.00,10.00,0.06,0.93,1.73,2.98
"세종특별자치시","오전첨두(07-09시)",0.40,2.61,7.47,10.00,10.00,10.00,10.00,10.00,0.00,0.01,0.58,3.66,0.64,3.28,10.00,10.00,10.00,10.00,10.00,10.00,0.00,0.01,1.37,6.51,0.29,1.92,7.48,10.00,10.00,10.00,10.00,10.00,0.21,0.75,1.78,5.20,0.36,3.10,8.30,10.00,10.00,10.00,10.00,10.00,0.36,1.53,2.60,7.40,0.40,2.80,7.94,10.00,10.00,10.00,10.00,10.00,0.45,1.58,2.66,6.65,0.09,1.42,4.94,10.00,5.99,10.00,10.00,10.00,0.08,1.03,1.78,3.41,0.09,1.08,4.41,10.00,4.72,10.00,10.00,10.00,0.06,0.87,1.67,2.80
"세종특별자치시","낮시간(12-14시)",0.43,2.20,6.94,10.00,10.00,10.00,10.00,10.00,0.00,0.01,0.38,3.44,0.50,3.26,8.84,10.00,10.00,10.00,10.00,10.00,0.00,0.01,1.05,5.09,0.30,2.66,6.14,10.00,10.00,10.00,10.00,10.00,0.16,0.76,1.67,4.98,0.42,2.88,7.18,10.00,10.00,10.00,10.00,10.00,0.40,1.50,2.36,6.67,0.36,2.51,6.96,10.00,10.00,10.00,10.00,10.00,0.33,1.47,2.36,5.55,0.09,1.37,4.73,10.00,5.75,10.00,10.00,10.00,0.07,0.96,1.72,3.42,0.09,1.04,4.48,10.00,4.77,10.00,10.00,10.00,0.06,0.91,1.71,2.96
"세종특별자치시","저녁첨두(18-20시)",0.39,2.45,7.12,10.00,10.00,10.00,10.00,10.00,0.00,0.04,0.67,3.31,0.49,3.27,10.00,10.00,10.00,10.00,10.00,10.00,0.00,0.00,1.13,6.27,0.29,2.58,7.03,10.00,10.00,10.00,10.00,10.00,0.17,0.74,1.82,6.02,0.39,3.06,7.46,10.00,10.00,10.00,10.00,10.00,0.38,1.45,2.44,6.56,0.36,2.48,7.55,10.00,10.00,10.00,10.00,10.00,0.34,1.44,2.43,6.00,0.09,1.41,4.75,10.00,5.86,10.00,10.00,10.00,0.07,1.00,1.69,3.25,0.09,1.27,4.46,10.00,4.84,10.00,10.00,10.00,0.06,0.96,1.70,2.99
"경기도","일평균(06-20시)",0.39,2.41,8.32,10.00,10.00,10.00,10.00,10.00,0.36,2.35,7.46,10.00,0.33,2.21,7.50,10.00,10.00,10.00,10.00,10.00,0.31,2.11,6.70,10.00,0.30,2.32,8.44,10.00,10.00,10.00,10.00,10.00,0.29,2.31,7.68,10.00,0.45,2.99,10.00,10.00,10.00,10.00,10.00,10.00,0.46,3.09,9.42,10.00,0.38,2.63,9.03,10.00,10.00,10.00,10.00,10.00,0.41,2.77,8.29,10.00,0.16,1.45,5.20,10.00,10.00,10.00,10.00,10.00,0.16,1.57,5.13,10.00,0.13,0.95,3.48,9.29,8.06,10.00,10.00,10.00,0.13,1.08,3.84,9.34
"경기도","오전첨두(07-09시)",0.39,2.49,8.42,10.00,10.00,10.00,10.00,10.00,0.37,2.43,7.70,10.00,0.33,2.29,7.76,10.00,10.00,10.00,10.00,10.00,0.33,2.15,6.91,10.00,0.39,2.92,9.34,10.00,10.00,10.00,10.00,10.00,0.38,2.80,8.77,10.00,0.44,2.51,7.77,10.00,10.00,10.00,10.00,10.00,0.46,3.10,9.62,10.00,0.40,2.72,9.25,10.00,10.00,10.00,10.00,10.00,0.44,2.86,8.61,10.00,0.16,1.44,5.11,10.00,10.00,10.00,10.00,10.00,0.16,1.55,5.06,10.00,0.13,0.92,3.36,9.02,7.78,10.00,10.00,10.00,0.13,1.05,3.80,9.22
"경기도","낮시간(12-14시)",0.40,2.43,8.42,10.00,10.00,10.00,10.00,10.00,0.37,2.35,7.47,10.00,0.34,2.21,7.61,10.00,10.00,10.00,10.00,10.00,0.32,2.12,6.67,10.00,0.37,2.59,8.82,10.00,10.00,10.00,10.00,10.00,0.35,2.52,7.97,10.00,0.45,3.06,10.00,10.00,10.00,10.00,10.00,10.00,0.45,3.03,9.31,10.00,0.38,2.65,9.02,10.00,10.00,10.00,10.00,10.00,0.41,2.74,8.23,10.00,0.16,1.46,5.25,10.00,10.00,10.00,10.00,10.00,0.16,1.60,5.18,10.00,0.13,0.96,3.51,9.38,8.08,10.00,10.00,10.00,0.13,1.09,3.86,9.45
"경기도","저녁첨두(18-20시)",0.37,2.31,8.10,10.00,10.00,10.00,10.00,10.00,0.35,2.24,7.36,10.00,0.32,2.11,7.24,10.00,10.00,10.00,10.00,10.00,0.30,2.03,6.59,10.00,0.34,2.43,8.59,10.00,10.00,10.00,10.00,10.00,0.33,2.47,7.57,10.00,0.42,3.06,10.00,10.00,10.00,10.00,10.00,10.00,0.45,3.00,9.33,10.00,0.38,2.61,9.10,10.00,10.00,10.00,10.00,10.00,0.40,2.76,8.40,10.00,0.16,1.45,5.20,10.00,10.00,10.00,10.00,10.00,0.16,1.55,5.12,10.00,0.13,0.96,3.55,9.55,8.07,10.00,10.00,10.00,0.13,1.11,3.94,9.49
"강원특별자치도","일평균(06-20시)",0.37,1.50,3.13,5.82,7.61,10.00,10.00,10.00,0.25,0.99,1.44,1.74,0.35,1.44,3.45,6.15,7.41,10.00,10.00,10.00,0.24,1.05,1.40,1.61,0.26,1.08,2.78,5.43,6.67,10.00,10.00,10.00,0.18,0.89,1.29,1.53,0.30,1.24,2.65,4.95,7.19,10.00,10.00,10.00,0.22,1.00,1.44,1.69,0.28,1.27,2.72,5.12,7.15,10.00,10.00,10.00,0.21,0.95,1.42,1.65,0.16,0.88,2.10,4.10,4.10,10.00,10.00,10.00,0.09,0.65,1.26,1.56,0.16,0.74,1.75,3.38,3.36,10.00,10.00,10.00,0.09,0.61,1.12,1.40
"강원특별자치도","오전첨두(07-09시)",0.37,1.59,3.12,5.92,7.43,10.00,10.00,10.00,0.27,1.01,1.47,1.70,0.35,1.50,3.48,6.03,7.60,10.00,10.00,10.00,0.25,1.04,1.44,1.66,0.31,1.40,2.91,5.10,6.85,10.00,10.00,10.00,0.22,0.95,1.28,1.54,0.29,1.02,1.55,2.34,7.39,10.00,10.00,10.00,0.21,0.98,1.46,1.68,0.29,1.32,2.73,5.49,7.36,10.00,10.00,10.00,0.22,1.00,1.44,1.68,0.17,0.90,2.14,4.25,4.17,10.00,10.00,10.00,0.09,0.66,1.29,1.59,0.16,0.77,1.88,3.64,3.38,10.00,10.00,10.00,0.09,0.61,1.17,1.40
"강원특별자치도","낮시간(12-14시)",0.39,1.46,3.07,5.81,7.73,10.00,10.00,10.00,0.25,1.00,1.41,1.68,0.34,1.45,3.50,6.42,6.71,10.00,10.00,10.00,0.23,1.08,1.49,1.67,0.32,1.19,3.14,6.00,6.93,10.00,10.00,10.00,0.23,0.97,1.39,1.61,0.30,1.28,2.95,5.32,7.37,10.00,10.00,10.00,0.22,0.94,1.42,1.67,0.31,1.32,2.78,5.08,7.38,10.00,10.00,10.00,0.24,0.94,1.47,1.65,0.16,0.88,2.10,4.00,4.12,10.00,10.00,10.00,0.09,0.66,1.26,1.58,0.16,0.75,1.76,3.41,3.40,10.00,10.00,10.00,0.09,0.62,1.12,1.41
"강원특별자치도","저녁첨두(18-20시)",0.37,1.45,3.24,5.63,7.68,10.00,10.00,10.00,0.25,1.00,1.49,1.71,0.36,1.54,3.25,5.97,7.69,10.00,10.00,10.00,0.26,1.08,1.42,1.68,0.31,1.31,3.37,5.53,6.81,10.00,10.00,10.00,0.21,1.01,1.41,1.60,0.29,1.27,2.75,4.95,7.03,10.00,10.00,10.00,0.21,0.94,1.41,1.67,0.29,1.21,2.76,5.05,7.02,10.00,10.00,10.00,0.20,0.91,1.42,1.65,0.16,0.87,2.11,3.95,4.10,10.00,10.00,10.00,0.09,0.67,1.27,1.56,0.16,0.71,1.70,3.10,3.39,10.00,10.00,10.00,0.09,0.57,1.15,1.41
"충청북도","일평균(06-20시)",0.29,1.65,4.77,10.00,10.00,10.00,10.00,10.00,0.29,1.44,2.78,3.64,0.31,2.22,6.62,10.00,10.00,10.00,10.00,10.00,0.36,2.03,3.03,3.87,0.24,1.48,4.73,10.00,10.00,10.00,10.00,10.00,0.20,1.42,2.60,3.70,0.29,1.75,4.91,10.00,10.00,10.00,10.00,10.00,0.26,1.47,2.87,3.84,0.28,1.79,5.04,10.00,10.00,10.00,10.00,10.00,0.22,1.40,2.87,3.83,0.15,1.07,3.63,8.36,6.93,10.00,10.00,10.00,0.08,0.90,2.29,3.25,0.14,0.79,2.67,5.92,4.89,10.00,10.00,10.00,0.07,0.70,1.76,2.92
"충청북도","오전첨두(07-09시)",0.29,1.66,4.69,10.00,10.00,10.00,10.00,10.00,0.30,1.51,2.82,3.58,0.32,2.28,6.82,10.00,10.00,10.00,10.00,10.00,0.35,2.12,3.23,4.20,0.27,1.78,5.23,10.00,9.92,10.00,10.00,10.00,0.28,1.90,3.01,4.16,0.30,1.26,2.57,4.80,10.00,10.00,10.00,10.00,0.25,1.55,2.93,3.92,0.29,1.91,5.24,10.00,10.00,10.00,10.00,10.00,0.24,1.39,2.85,3.86,0.16,1.10,3.68,8.79,6.91,10.00,10.00,10.00,0.08,0.91,2.34,3.28,0.14,0.77,2.80,5.88,4.72,10.00,10.00,10.00,0.07,0.65,1.72,2.86
"충청북도","낮시간(12-14시)",0.30,1.73,4.52,10.00,10.00,10.00,10.00,10.00,0.27,1.44,2.85,3.52,0.31,2.15,6.64,10.00,10.00,10.00,10.00,10.00,0.37,2.15,3.19,3.95,0.28,1.76,5.40,10.00,10.00,10.00,10.00,10.00,0.21,1.46,3.02,3.77,0.29,1.90,5.26,10.00,10.00,10.00,10.00,10.00,0.23,1.49,2.85,3.85,0.27,1.79,4.82,10.00,10.00,10.00,10.00,10.00,0.25,1.42,2.86,3.88,0.15,1.08,3.52,8.23,6.94,10.00,10.00,10.00,0.07,0.91,2.27,3.25,0.13,0.75,2.68,6.00,4.89,10.00,10.00,10.00,0.07,0.71,1.78,2.95
"충청북도","저녁첨두(18-20시)",0.28,1.63,4.94,10.00,10.00,10.00,10.00,10.00,0.26,1.37,2.64,3.61,0.31,2.12,6.69,10.00,10.00,10.00,10.00,10.00,0.33,2.00,3.11,4.03,0.28,1.77,4.85,10.00,10.00,10.00,10.00,10.00,0.23,1.49,2.66,4.06,0.29,1.73,5.24,10.00,10.00,10.00,10.00,10.00,0.25,1.44,2.82,3.80,0.29,1.78,5.06,10.00,10.00,10.00,10.00,10.00,0.24,1.42,2.86,3.99,0.15,1.05,3.62,8.22,6.79,10.00,10.00,10.00,0.09,0.94,2.26,3.26,0.14,0.87,2.81,6.01,5.06,10.00,10.00,10.00,0.07,0.72,1.83,2.99
"충청남도","일평균(06-20시)",0.40,1.98,5.86,10.00,8.51,10.00,10.00,10.00,0.17,0.82,1.85,3.46,0.44,2.55,7.82,10.00,8.41,10.00,10.00,10.00,0.18,1.00,2.14,3.63,0.32,1.50,4.92,10.00,7.49,10.00,10.00,10.00,0.11,0.62,1.62,3.27,0.42,2.33,6.54,10.00,8.35,10.00,10.00,10.00,0.17,1.03,2.23,3.98,0.41,2.30,7.16,10.00,8.66,10.00,10.00,10.00,0.16,0.99,2.08,3.82,0.19,1.25,4.66,10.00,5.48,10.00,10.00,10.00,0.06,0.56,1.51,2.58,0.20,1.12,3.54,8.14,4.33,10.00,10.00,10.00,0.06,0.54,1.30,2.21
"충청남도","오전첨두(07-09시)",0.41,2.01,5.80,10.00,8.45,10.00,10.00,10.00,0.17,0.89,1.92,3.59,0.45,2.56,7.96,10.00,8.76,10.00,10.00,10.00,0.18,1.04,2.31,3.94,0.40,1.73,5.52,10.00,7.45,10.00,10.00,10.00,0.13,0.80,1.92,3.75,0.39,1.44,3.02,4.76,8.13,10.00,10.00,10.00,0.19,1.04,2.26,3.93,0.45,2.35,7.37,10.00,8.88,10.00,10.00,10.00,0.17,1.04,2.17,3.82,0.19,1.28,4.88,10.00,5.74,10.00,10.00,10.00,0.06,0.57,1.51,2.55,0.20,1.10,3.59,8.24,4.44,10.00,10.00,10.00,0.06,0.57,1.35,2.25
"충청남도","낮시간(12-14시)",0.42,2.11,6.32,10.00,8.70,10.00,10.00,10.00,0.18,0.93,1.96,3.53,0.46,2.48,7.72,10.00,7.72,10.00,10.00,10.00,0.18,1.02,2.21,3.79,0.39,1.74,5.38,10.00,7.76,10.00,10.00,10.00,0.13,0.83,1.69,3.58,0.45,2.47,7.26,10.00,8.63,10.00,10.00,10.00,0.18,1.01,2.21,3.95,0.42,2.30,7.01,10.00,8.86,10.00,10.00,10.00,0.15,1.00,2.11,3.79,0.20,1.24,4.60,10.00,5.53,10.00,10.00,10.00,0.06,0.56,1.50,2.62,0.20,1.14,3.70,8.34,4.37,10.00,10.00,10.00,0.06,0.54,1.34,2.20
"충청남도","저녁첨두(18-20시)",0.41,1.96,5.98,10.00,8.58,10.00,10.00,10.00,0.16,0.76,1.78,3.24,0.44,2.46,7.39,10.00,8.56,10.00,10.00,10.00,0.18,0.93,2.15,3.72,0.38,1.75,4.92,10.00,7.71,10.00,10.00,10.00,0.13,0.54,1.79,3.49,0.44,2.34,6.99,10.00,8.71,10.00,10.00,10.00,0.17,0.97,2.13,4.00,0.42,2.35,6.80,10.00,8.66,10.00,10.00,10.00,0.16,0.97,2.10,4.05,0.20,1.25,4.66,10.00,5.55,10.00,10.00,10.00,0.06,0.56,1.52,2.62,0.20,1.11,3.41,7.97,4.37,10.00,10.00,10.00,0.06,0.55,1.38,2.22
"전라북도","일평균(06-20시)",0.28,1.60,5.07,10.00,10.00,10.00,10.00,10.00,0.21,1.17,2.22,2.98,0.34,2.53,9.37,10.00,10.00,10.00,10.00,10.00,0.42,2.15,2.53,3.08,0.23,1.38,4.92,10.00,10.00,10.00,10.00,10.00,0.19,1.25,2.29,2.79,0.35,2.27,7.31,10.00,10.00,10.00,10.00,10.00,0.38,2.14,2.67,3.19,0.33,2.13,6.89,10.00,10.00,10.00,10.00,10.00,0.43,2.53,3.04,3.73,0.16,1.53,5.52,10.00,7.84,10.00,10.00,10.00,0.11,1.75,2.90,3.21,0.14,0.88,3.16,7.22,5.17,10.00,10.00,10.00,0.09,0.65,1.53,2.30
"전라북도","오전첨두(07-09시)",0.28,1.52,4.91,10.00,10.00,10.00,10.00,10.00,0.22,1.16,2.10,2.83,0.36,2.67,9.73,10.00,10.00,10.00,10.00,10.00,0.39,2.27,2.65,3.10,0.30,1.71,6.02,10.00,10.00,10.00,10.00,10.00,0.27,1.51,2.47,2.86,0.32,1.45,3.49,6.15,8.16,10.00,10.00,10.00,0.31,2.11,2.64,2.98,0.34,2.27,7.43,10.00,10.00,10.00,10.00,10.00,0.54,2.55,3.08,3.57,0.17,1.61,5.84,10.00,8.08,10.00,10.00,10.00,0.12,1.71,2.94,3.25,0.14,0.93,3.38,7.66,5.26,10.00,10.00,10.00,0.09,0.62,1.51,2.29
"전라북도","낮시간(12-14시)",0.27,1.60,4.94,10.00,10.00,10.00,10.00,10.00,0.23,1.23,2.25,2.92,0.32,2.54,9.17,10.00,10.00,10.00,10.00,10.00,0.42,2.14,2.68,3.30,0.26,1.46,4.49,10.00,10.00,10.00,10.00,10.00,0.26,1.29,2.32,3.04,0.33,2.58,7.59,10.00,10.00,10.00,10.00,10.00,0.43,2.08,2.62,3.24,0.34,2.12,6.88,10.00,10.00,10.00,10.00,10.00,0.38,2.56,3.06,3.74,0.16,1.54,5.53,10.00,7.86,10.00,10.00,10.00,0.12,1.76,2.87,3.18,0.14,0.87,3.09,7.03,5.19,10.00,10.00,10.00,0.09,0.65,1.56,2.25
"전라북도","저녁첨두(18-20시)",0.28,1.71,5.16,10.00,10.00,10.00,10.00,10.00,0.21,1.15,2.25,2.97,0.35,2.53,8.96,10.00,10.00,10.00,10.00,10.00,0.36,2.09,2.61,3.38,0.27,1.70,5.59,10.00,10.00,10.00,10.00,10.00,0.25,1.44,2.37,2.91,0.34,2.60,7.98,10.00,10.00,10.00,10.00,10.00,0.33,2.18,2.67,3.27,0.34,2.23,7.04,10.00,10.00,10.00,10.00,10.00,0.47,2.53,3.01,3.76,0.16,1.53,5.63,10.00,8.01,10.00,10.00,10.00,0.12,1.70,2.87,3.25,0.14,0.91,3.21,7.29,5.45,10.00,10.00,10.00,0.09,0.68,1.55,2.36
"전라남도","일평균(06-20시)",0.38,1.47,3.66,7.60,7.44,10.00,10.00,10.00,0.30,1.24,2.04,3.12,0.47,2.02,5.17,9.74,8.45,10.00,10.00,10.00,0.44,1.82,2.37,3.59,0.31,1.26,3.64,7.41,7.30,10.00,10.00,10.00,0.25,1.39,2.16,3.30,0.40,1.77,4.48,8.50,6.73,10.00,10.00,10.00,0.43,1.75,2.47,3.93,0.39,1.79,4.77,9.27,8.19,10.00,10.00,10.00,0.44,1.87,2.73,4.11,0.20,1.14,3.41,7.27,4.94,10.00,10.00,10.00,0.16,1.39,2.45,3.21,0.20,0.92,2.65,5.56,3.17,10.00,10.00,10.00,0.13,1.02,2.13,2.84
"전라남도","오전첨두(07-09시)",0.37,1.41,3.45,7.15,7.21,10.00,10.00,10.00,0.27,1.08,1.79,2.88,0.47,2.06,5.37,10.00,8.82,10.00,10.00,10.00,0.45,1.92,2.53,3.88,0.38,1.56,4.37,8.01,7.83,10.00,10.00,10.00,0.34,1.56,2.41,3.80,0.40,1.26,2.27,3.85,4.84,9.35,9.43,9.47,0.42,1.74,2.54,4.10,0.41,1.81,5.22,9.82,8.57,10.00,10.00,10.00,0.47,1.84,2.97,4.55,0.21,1.21,3.65,7.87,5.23,10.00,10.00,10.00,0.18,1.49,2.51,3.43,0.20,0.92,2.72,5.64,3.07,10.00,10.00,10.00,0.14,1.00,2.12,2.93
"전라남도","낮시간(12-14시)",0.37,1.47,3.84,8.14,7.58,10.00,10.00,10.00,0.31,1.30,2.11,3.11,0.48,2.08,5.44,10.00,7.46,10.00,10.00,10.00,0.47,1.87,2.46,3.83,0.35,1.47,3.75,8.35,7.29,10.00,10.00,10.00,0.31,1.46,2.29,3.46,0.40,1.89,5.05,9.39,7.16,10.00,10.00,10.00,0.42,1.74,2.50,3.75,0.39,1.79,4.78,9.29,8.19,10.00,10.00,10.00,0.45,1.86,2.72,4.05,0.21,1.13,3.54,7.25,4.97,10.00,10.00,10.00,0.16,1.40,2.47,3.12,0.20,0.96,2.71,5.67,3.20,10.00,10.00,10.00,0.14,1.01,2.14,2.83
"전라남도","저녁첨두(18-20시)",0.37,1.47,3.68,7.82,7.49,10.00,10.00,10.00,0.31,1.31,2.15,3.22,0.45,1.83,4.79,8.94,8.70,10.00,10.00,10.00,0.44,1.87,2.46,3.77,0.35,1.45,3.61,6.86,7.31,10.00,10.00,10.00,0.32,1.48,2.25,3.67,0.37,1.79,4.59,8.80,8.31,10.00,10.00,10.00,0.44,1.65,2.40,3.87,0.38,1.77,4.40,8.72,8.27,10.00,10.00,10.00,0.45,1.88,2.70,4.30,0.21,1.14,3.26,6.94,5.06,10.00,10.00,10.00,0.16,1.40,2.44,3.27,0.19,0.92,2.61,5.33,3.30,10.00,10.00,10.00,0.14,1.04,2.14,2.89
"경상북도","일평균(06-20시)",0.36,1.47,3.91,7.91,7.16,10.00,10.00,10.00,0.17,0.77,1.60,2.72,0.36,1.76,4.58,8.95,7.25,10.00,10.00,10.00,0.21,0.95,1.72,2.69,0.29,1.30,3.65,7.66,6.62,10.00,10.00,10.00,0.14,0.77,1.51,2.51,0.35,1.69,4.15,8.14,6.28,10.00,10.00,10.00,0.23,0.99,1.80,2.85,0.34,1.73,4.55,8.95,7.32,10.00,10.00,10.00,0.20,0.96,1.74,2.86,0.19,1.12,3.46,7.18,4.65,10.00,10.00,10.00,0.08,0.67,1.43,2.48,0.20,1.20,3.57,7.39,4.03,10.00,10.00,10.00,0.09,0.72,1.46,2.33
"경상북도","오전첨두(07-09시)",0.36,1.49,4.01,8.13,7.30,10.00,10.00,10.00,0.17,0.78,1.62,2.72,0.37,1.75,4.79,9.50,7.55,10.00,10.00,10.00,0.22,1.03,1.79,2.84,0.33,1.55,4.03,8.49,7.04,10.00,10.00,10.00,0.18,0.92,1.70,2.76,0.35,1.16,2.15,3.87,4.77,9.72,9.78,9.82,0.21,1.02,1.80,3.02,0.38,1.78,5.04,9.30,7.67,10.00,10.00,10.00,0.22,1.00,1.80,2.99,0.20,1.19,3.66,7.58,4.76,10.00,10.00,10.00,0.08,0.68,1.44,2.58,0.20,1.28,3.83,7.80,4.05,10.00,10.00,10.00,0.09,0.73,1.46,2.34
"경상북도","낮시간(12-14시)",0.36,1.52,3.92,7.90,7.15,10.00,10.00,10.00,0.18,0.75,1.61,2.63,0.37,1.74,4.67,9.11,6.53,10.00,10.00,10.00,0.21,0.97,1.78,2.76,0.34,1.52,3.93,7.90,6.77,10.00,10.00,10.00,0.18,0.89,1.66,2.78,0.34,1.81,4.63,9.07,6.69,10.00,10.00,10.00,0.21,0.97,1.78,2.85,0.36,1.73,4.52,9.21,7.37,10.00,10.00,10.00,0.20,0.98,1.72,2.76,0.20,1.17,3.50,7.30,4.64,10.00,10.00,10.00,0.09,0.67,1.45,2.50,0.21,1.23,3.69,7.70,4.07,10.00,10.00,10.00,0.09,0.73,1.47,2.36
"경상북도","저녁첨두(18-20시)",0.37,1.43,3.71,7.42,7.20,10.00,10.00,10.00,0.16,0.76,1.57,2.65,0.35,1.66,4.23,8.28,7.21,10.00,10.00,10.00,0.18,0.92,1.71,2.89,0.34,1.51,3.77,7.50,6.75,10.00,10.00,10.00,0.17,0.88,1.62,2.67,0.34,1.71,4.45,8.71,7.43,10.00,10.00,10.00,0.21,0.96,1.77,2.79,0.36,1.74,4.30,8.71,7.35,10.00,10.00,10.00,0.20,0.93,1.74,2.96,0.19,1.09,3.25,6.71,4.59,10.00,10.00,10.00,0.08,0.64,1.44,2.50,0.21,1.17,3.26,6.71,4.12,10.00,10.00,10.00,0.09,0.70,1.46,2.36
"경상남도","일평균(06-20시)",0.41,1.62,4.24,9.19,10.00,10.00,10.00,10.00,0.46,1.96,3.90,7.26,0.47,2.10,5.36,10.00,10.00,10.00,10.00,10.00,0.68,2.34,4.51,7.76,0.32,1.41,4.17,9.72,10.00,10.00,10.00,10.00,0.40,1.87,4.00,7.03,0.44,1.60,3.84,7.96,10.00,10.00,10.00,10.00,0.49,2.00,4.05,7.04,0.40,1.74,4.40,9.73,10.00,10.00,10.00,10.00,0.46,1.86,3.59,6.41,0.18,1.15,3.15,7.24,8.18,10.00,10.00,10.00,0.16,1.30,2.76,4.59,0.20,1.23,3.44,7.27,6.63,10.00,10.00,10.00,0.16,1.20,2.43,4.33
"경상남도","오전첨두(07-09시)",0.40,1.64,4.07,9.20,10.00,10.00,10.00,10.00,0.48,2.03,3.79,7.20,0.47,2.10,5.52,10.00,10.00,10.00,10.00,10.00,0.69,2.45,4.83,8.43,0.42,1.84,4.59,10.00,10.00,10.00,10.00,10.00,0.45,2.19,4.40,7.62,0.43,1.03,1.24,1.75,7.70,10.00,10.00,10.00,0.49,1.98,4.07,7.31,0.42,1.82,4.61,10.00,10.00,10.00,10.00,10.00,0.49,1.86,3.61,6.63,0.19,1.18,3.18,7.49,8.28,10.00,10.00,10.00,0.16,1.34,2.69,4.63,0.20,1.20,3.32,7.28,6.54,10.00,10.00,10.00,0.16,1.17,2.40,4.22
"경상남도","낮시간(12-14시)",0.38,1.61,4.20,9.02,10.00,10.00,10.00,10.00,0.45,1.94,4.09,7.23,0.48,2.15,5.27,10.00,10.00,10.00,10.00,10.00,0.71,2.49,4.93,8.46,0.39,1.67,4.58,10.00,10.00,10.00,10.00,10.00,0.51,2.02,4.30,7.25,0.43,1.74,4.41,9.74,10.00,10.00,10.00,10.00,0.47,2.02,4.09,7.02,0.41,1.74,4.32,9.69,10.00,10.00,10.00,10.00,0.47,1.84,3.61,6.42,0.19,1.16,3.12,6.90,8.20,10.00,10.00,10.00,0.17,1.31,2.79,4.58,0.21,1.24,3.39,7.24,6.66,10.00,10.00,10.00,0.17,1.18,2.47,4.41
"경상남도","저녁첨두(18-20시)",0.39,1.54,4.15,9.09,10.00,10.00,10.00,10.00,0.42,1.84,3.79,7.09,0.44,2.01,5.32,10.00,10.00,10.00,10.00,10.00,0.63,2.42,4.73,8.02,0.37,1.66,4.48,9.77,10.00,10.00,10.00,10.00,0.47,1.97,4.22,7.07,0.43,1.78,4.90,10.00,10.00,10.00,10.00,10.00,0.46,2.00,3.99,6.90,0.40,1.72,4.23,9.33,10.00,10.00,10.00,10.00,0.45,1.89,3.60,6.28,0.18,1.11,3.03,7.09,8.33,10.00,10.00,10.00,0.16,1.29,2.73,4.62,0.20,1.18,3.38,7.21,6.69,10.00,10.00,10.00,0.17,1.24,2.42,4.24
"제주특별자치도","일평균(06-20시)",0.29,1.36,3.78,8.55,9.49,10.00,10.00,10.00,0.34,1.49,2.70,3.43,0.25,1.56,4.35,10.00,9.54,10.00,10.00,10.00,0.43,1.76,2.76,3.21,0.19,0.97,3.17,7.12,8.68,10.00,10.00,10.00,0.28,1.27,2.51,3.22,0.21,1.23,2.78,5.85,8.46,10.00,10.00,10.00,0.38,1.85,2.87,3.39,0.20,1.35,3.68,8.38,9.55,10.00,10.00,10.00,0.32,1.54,2.77,3.31,0.14,1.00,2.96,6.90,6.75,10.00,10.00,10.00,0.15,1.08,2.45,3.11,0.13,1.02,3.13,7.04,5.69,10.00,10.00,10.00,0.15,1.06,2.31,3.02
"제주특별자치도","오전첨두(07-09시)",0.29,1.49,3.82,8.29,9.91,10.00,10.00,10.00,0.37,1.66,2.71,3.36,0.29,1.54,4.28,10.00,9.93,10.00,10.00,10.00,0.39,1.84,2.93,3.42,0.25,1.26,3.77,7.80,9.50,10.00,10.00,10.00,0.36,1.48,2.81,3.40,0.23,0.92,1.01,1.02,6.72,10.00,10.00,10.00,0.36,1.79,2.92,3.46,0.26,1.42,3.75,9.20,9.66,10.00,10.00,10.00,0.34,1.71,2.87,3.34,0.15,1.02,3.12,7.18,7.11,10.00,10.00,10.00,0.16,1.12,2.46,3.14,0.15,0.95,2.94,6.88,5.56,10.00,10.00,10.00,0.16,1.05,2.23,2.99
"제주특별자치도","낮시간(12-14시)",0.26,1.29,3.48,8.47,9.44,10.00,10.00,10.00,0.33,1.54,2.73,3.42,0.23,1.58,4.39,10.00,8.53,10.00,10.00,10.00,0.48,1.83,2.97,3.41,0.23,1.06,2.77,7.21,8.58,10.00,10.00,10.00,0.31,1.38,2.55,3.28,0.21,1.30,2.90,6.43,8.71,10.00,10.00,10.00,0.38,1.84,2.85,3.35,0.21,1.27,3.52,7.70,9.66,10.00,10.00,10.00,0.28,1.53,2.69,3.29,0.14,0.94,2.76,6.61,6.73,10.00,10.00,10.00,0.15,1.07,2.38,3.12,0.14,1.05,3.11,7.00,5.65,10.00,10.00,10.00,0.15,1.06,2.31,3.05
"제주특별자치도","저녁첨두(18-20시)",0.32,1.42,4.01,8.79,9.59,10.00,10.00,10.00,0.35,1.43,2.73,3.40,0.23,1.59,4.48,10.00,9.63,10.00,10.00,10.00,0.40,1.85,2.89,3.42,0.24,1.01,3.94,7.79,8.88,10.00,10.00,10.00,0.31,1.49,2.77,3.31,0.24,1.48,4.25,9.58,9.81,10.00,10.00,10.00,0.36,1.82,2.84,3.41,0.22,1.42,3.86,8.68,9.58,10.00,10.00,10.00,0.38,1.49,2.79,3.29,0.15,1.03,3.11,6.85,6.95,10.00,10.00,10.00,0.16,1.09,2.40,3.14,0.14,0.97,3.23,7.03,5.55,10.00,10.00,10.00,0.15,1.05,2.33,3.03
