연도,월,시도,시군구,업종코드,업종이름,전기계약종류,개소수(몇곳),한곳이한달쓰는전기(kWh),계절배수,예상사용량(kWh),낮게볼때(-20%),높게볼때(+20%),신뢰구간아래,신뢰구간위,예상전기요금(원),전기단가(원/kWh),값의성격,계절패턴,계산근거
2023,1,충청남도,보령시,A0331,육상해수양식업(수조식),농사용(을),12.0,100000.0,1.3984,1678080,1342464,2013696,1278173,2077987,117465600,70.0,추정,추울때물데우기,"넙치앵커×0.35 (보령은 넙치 대형장 부재, 중소규모 수조식 가정)"
2023,1,충청남도,보령시,A0331,해수양식업(축제식·대하/새우),농사용(을),45.0,34285.7,0.9011,1390269,1112215,1668322,1058950,1721587,97318800,70.0,추정,더울때산소공급,"축제식은 수차·산소공급 중심, 수조 순환펌프 없음 → 앵커×0.12"
2023,1,충청남도,보령시,A0333,수산종자생산업,농사용(을),6.0,71428.6,1.3984,599314,479451,719177,456490,742138,41952000,70.0,추정,추울때물데우기,종자장은 가온·여과 부하 상시 → 앵커×0.25
2023,1,충청남도,보령시,A0332,육상등 내수양식업,농사용(을),8.0,22857.1,0.9011,164773,131818,197727,125505,204040,11534080,70.0,추정,더울때산소공급,소규모 내수면 → 앵커×0.08
2023,1,충청남도,보령시,A0311,연근해어업 육상지원설비,일반용,30.0,14285.7,1.0,428571,342857,514286,326438,530705,30000000,70.0,추정,계절변화없음,"어선 주에너지는 면세경유, 전력은 계류·양륙 보조 → 앵커×0.05"
2023,1,충청남도,보령시,A0340,어업관련서비스업(제빙),산업용,4.0,85714.3,0.8576,294034,235227,352841,223962,364106,20582400,70.0,추정,여름얼음만들기,"제빙기 냉동부하, 하절기 집중 → 앵커×0.30"
2023,1,충청남도,보령시,C1021,수산물 냉동·냉장업,산업용,9.0,157142.9,0.6025,852107,681686,1022529,649039,1055175,59647500,70.0,추정,냉동창고,"냉동창고 24시간 가동, 에너지공단 산업부문 C102 다소비 → 앵커×0.55"
2023,1,충청남도,보령시,C1022,수산물 가공·저장처리업(김·바지락),산업용,14.0,57142.9,1.444,1155200,924160,1386240,879902,1430498,80864000,70.0,추정,김가공철,김 가공 11~3월 성수기 집중 → 앵커×0.20
2023,1,충청남도,보령시,G4631,수산물 위판장·유통(대천/무창포/오천항),일반용,3.0,28571.4,0.6025,51643,41314,61971,39336,63950,3615000,70.0,추정,냉동창고,경매장 조명·냉장 → 앵커×0.10
2023,2,충청남도,보령시,A0331,육상해수양식업(수조식),농사용(을),12.0,100000.0,1.4236,1708320,1366656,2049984,1301206,2115434,119582400,70.0,추정,추울때물데우기,"넙치앵커×0.35 (보령은 넙치 대형장 부재, 중소규모 수조식 가정)"
2023,2,충청남도,보령시,A0331,해수양식업(축제식·대하/새우),농사용(을),45.0,34285.7,0.9011,1390269,1112215,1668322,1058950,1721587,97318800,70.0,추정,더울때산소공급,"축제식은 수차·산소공급 중심, 수조 순환펌프 없음 → 앵커×0.12"
2023,2,충청남도,보령시,A0333,수산종자생산업,농사용(을),6.0,71428.6,1.4236,610114,488091,732137,464717,755512,42708000,70.0,추정,추울때물데우기,종자장은 가온·여과 부하 상시 → 앵커×0.25
2023,2,충청남도,보령시,A0332,육상등 내수양식업,농사용(을),8.0,22857.1,0.9011,164773,131818,197727,125505,204040,11534080,70.0,추정,더울때산소공급,소규모 내수면 → 앵커×0.08
2023,2,충청남도,보령시,A0311,연근해어업 육상지원설비,일반용,30.0,14285.7,1.0,428571,342857,514286,326438,530705,30000000,70.0,추정,계절변화없음,"어선 주에너지는 면세경유, 전력은 계류·양륙 보조 → 앵커×0.05"
2023,2,충청남도,보령시,A0340,어업관련서비스업(제빙),산업용,4.0,85714.3,0.8576,294034,235227,352841,223962,364106,20582400,70.0,추정,여름얼음만들기,"제빙기 냉동부하, 하절기 집중 → 앵커×0.30"
2023,2,충청남도,보령시,C1021,수산물 냉동·냉장업,산업용,9.0,157142.9,0.6565,928479,742783,1114174,707211,1149746,64993500,70.0,추정,냉동창고,"냉동창고 24시간 가동, 에너지공단 산업부문 C102 다소비 → 앵커×0.55"
2023,2,충청남도,보령시,C1022,수산물 가공·저장처리업(김·바지락),산업용,14.0,57142.9,1.3942,1115360,892288,1338432,849556,1381164,78075200,70.0,추정,김가공철,김 가공 11~3월 성수기 집중 → 앵커×0.20
2023,2,충청남도,보령시,G4631,수산물 위판장·유통(대천/무창포/오천항),일반용,3.0,28571.4,0.6565,56271,45017,67526,42861,69682,3939000,70.0,추정,냉동창고,경매장 조명·냉장 → 앵커×0.10
2023,3,충청남도,보령시,A0331,육상해수양식업(수조식),농사용(을),12.0,100000.0,1.3229,1587480,1269984,1904976,1209164,1965796,111123600,70.0,추정,추울때물데우기,"넙치앵커×0.35 (보령은 넙치 대형장 부재, 중소규모 수조식 가정)"
2023,3,충청남도,보령시,A0331,해수양식업(축제식·대하/새우),농사용(을),45.0,34285.7,0.9011,1390269,1112215,1668322,1058950,1721587,97318800,70.0,추정,더울때산소공급,"축제식은 수차·산소공급 중심, 수조 순환펌프 없음 → 앵커×0.12"
2023,3,충청남도,보령시,A0333,수산종자생산업,농사용(을),6.0,71428.6,1.3229,566957,453566,680349,431844,702070,39687000,70.0,추정,추울때물데우기,종자장은 가온·여과 부하 상시 → 앵커×0.25
2023,3,충청남도,보령시,A0332,육상등 내수양식업,농사용(을),8.0,22857.1,0.9011,164773,131818,197727,125505,204040,11534080,70.0,추정,더울때산소공급,소규모 내수면 → 앵커×0.08
2023,3,충청남도,보령시,A0311,연근해어업 육상지원설비,일반용,30.0,14285.7,1.0,428571,342857,514286,326438,530705,30000000,70.0,추정,계절변화없음,"어선 주에너지는 면세경유, 전력은 계류·양륙 보조 → 앵커×0.05"
2023,3,충청남도,보령시,A0340,어업관련서비스업(제빙),산업용,4.0,85714.3,0.8576,294034,235227,352841,223962,364106,20582400,70.0,추정,여름얼음만들기,"제빙기 냉동부하, 하절기 집중 → 앵커×0.30"
2023,3,충청남도,보령시,C1021,수산물 냉동·냉장업,산업용,9.0,157142.9,0.8005,1132136,905709,1358563,862334,1401938,79249500,70.0,추정,냉동창고,"냉동창고 24시간 가동, 에너지공단 산업부문 C102 다소비 → 앵커×0.55"
2023,3,충청남도,보령시,C1022,수산물 가공·저장처리업(김·바지락),산업용,14.0,57142.9,1.2448,995840,796672,1195008,758519,1233161,69708800,70.0,추정,김가공철,김 가공 11~3월 성수기 집중 → 앵커×0.20
2023,3,충청남도,보령시,G4631,수산물 위판장·유통(대천/무창포/오천항),일반용,3.0,28571.4,0.8005,68614,54891,82337,52263,84966,4803000,70.0,추정,냉동창고,경매장 조명·냉장 → 앵커×0.10
2023,4,충청남도,보령시,A0331,육상해수양식업(수조식),농사용(을),12.0,100000.0,1.1468,1376160,1100928,1651392,1048204,1704116,96331200,70.0,추정,추울때물데우기,"넙치앵커×0.35 (보령은 넙치 대형장 부재, 중소규모 수조식 가정)"
2023,4,충청남도,보령시,A0331,해수양식업(축제식·대하/새우),농사용(을),45.0,34285.7,0.9011,1390269,1112215,1668322,1058950,1721587,97318800,70.0,추정,더울때산소공급,"축제식은 수차·산소공급 중심, 수조 순환펌프 없음 → 앵커×0.12"
2023,4,충청남도,보령시,A0333,수산종자생산업,농사용(을),6.0,71428.6,1.1468,491486,393189,589783,374359,608613,34404000,70.0,추정,추울때물데우기,종자장은 가온·여과 부하 상시 → 앵커×0.25
2023,4,충청남도,보령시,A0332,육상등 내수양식업,농사용(을),8.0,22857.1,0.9011,164773,131818,197727,125505,204040,11534080,70.0,추정,더울때산소공급,소규모 내수면 → 앵커×0.08
2023,4,충청남도,보령시,A0311,연근해어업 육상지원설비,일반용,30.0,14285.7,1.0,428571,342857,514286,326438,530705,30000000,70.0,추정,계절변화없음,"어선 주에너지는 면세경유, 전력은 계류·양륙 보조 → 앵커×0.05"
2023,4,충청남도,보령시,A0340,어업관련서비스업(제빙),산업용,4.0,85714.3,0.8576,294034,235227,352841,223962,364106,20582400,70.0,추정,여름얼음만들기,"제빙기 냉동부하, 하절기 집중 → 앵커×0.30"
2023,4,충청남도,보령시,C1021,수산물 냉동·냉장업,산업용,9.0,157142.9,0.9715,1373979,1099183,1648774,1046542,1701415,96178500,70.0,추정,냉동창고,"냉동창고 24시간 가동, 에너지공단 산업부문 C102 다소비 → 앵커×0.55"
2023,4,충청남도,보령시,C1022,수산물 가공·저장처리업(김·바지락),산업용,14.0,57142.9,0.8465,677200,541760,812640,515815,838585,47404000,70.0,추정,김가공철,김 가공 11~3월 성수기 집중 → 앵커×0.20
2023,4,충청남도,보령시,G4631,수산물 위판장·유통(대천/무창포/오천항),일반용,3.0,28571.4,0.9715,83271,66617,99926,63427,103116,5829000,70.0,추정,냉동창고,경매장 조명·냉장 → 앵커×0.10
2023,5,충청남도,보령시,A0331,육상해수양식업(수조식),농사용(을),12.0,100000.0,0.9203,1104360,883488,1325232,841177,1367543,77305200,70.0,추정,추울때물데우기,"넙치앵커×0.35 (보령은 넙치 대형장 부재, 중소규모 수조식 가정)"
2023,5,충청남도,보령시,A0331,해수양식업(축제식·대하/새우),농사용(을),45.0,34285.7,0.9011,1390269,1112215,1668322,1058950,1721587,97318800,70.0,추정,더울때산소공급,"축제식은 수차·산소공급 중심, 수조 순환펌프 없음 → 앵커×0.12"
2023,5,충청남도,보령시,A0333,수산종자생산업,농사용(을),6.0,71428.6,0.9203,394414,315531,473297,300420,488408,27609000,70.0,추정,추울때물데우기,종자장은 가온·여과 부하 상시 → 앵커×0.25
2023,5,충청남도,보령시,A0332,육상등 내수양식업,농사용(을),8.0,22857.1,0.9011,164773,131818,197727,125505,204040,11534080,70.0,추정,더울때산소공급,소규모 내수면 → 앵커×0.08
2023,5,충청남도,보령시,A0311,연근해어업 육상지원설비,일반용,30.0,14285.7,1.0,428571,342857,514286,326438,530705,30000000,70.0,추정,계절변화없음,"어선 주에너지는 면세경유, 전력은 계류·양륙 보조 → 앵커×0.05"
2023,5,충청남도,보령시,A0340,어업관련서비스업(제빙),산업용,4.0,85714.3,0.9451,324034,259227,388841,246813,401256,22682400,70.0,추정,여름얼음만들기,"제빙기 냉동부하, 하절기 집중 → 앵커×0.30"
2023,5,충청남도,보령시,C1021,수산물 냉동·냉장업,산업용,9.0,157142.9,1.1305,1598850,1279080,1918620,1217824,1979876,111919500,70.0,추정,냉동창고,"냉동창고 24시간 가동, 에너지공단 산업부문 C102 다소비 → 앵커×0.55"
2023,5,충청남도,보령시,C1022,수산물 가공·저장처리업(김·바지락),산업용,14.0,57142.9,0.6971,557680,446144,669216,424778,690582,39037600,70.0,추정,김가공철,김 가공 11~3월 성수기 집중 → 앵커×0.20
2023,5,충청남도,보령시,G4631,수산물 위판장·유통(대천/무창포/오천항),일반용,3.0,28571.4,1.1305,96900,77520,116280,73808,119992,6783000,70.0,추정,냉동창고,경매장 조명·냉장 → 앵커×0.10
2023,6,충청남도,보령시,A0331,육상해수양식업(수조식),농사용(을),12.0,100000.0,0.719,862800,690240,1035360,657184,1068416,60396000,70.0,추정,추울때물데우기,"넙치앵커×0.35 (보령은 넙치 대형장 부재, 중소규모 수조식 가정)"
2023,6,충청남도,보령시,A0331,해수양식업(축제식·대하/새우),농사용(을),45.0,34285.7,0.9394,1449360,1159488,1739232,1103960,1794760,101455200,70.0,추정,더울때산소공급,"축제식은 수차·산소공급 중심, 수조 순환펌프 없음 → 앵커×0.12"
2023,6,충청남도,보령시,A0333,수산종자생산업,농사용(을),6.0,71428.6,0.719,308143,246514,369771,234709,381577,21570000,70.0,추정,추울때물데우기,종자장은 가온·여과 부하 상시 → 앵커×0.25
2023,6,충청남도,보령시,A0332,육상등 내수양식업,농사용(을),8.0,22857.1,0.9394,171776,137421,206131,130840,212712,12024320,70.0,추정,더울때산소공급,소규모 내수면 → 앵커×0.08
2023,6,충청남도,보령시,A0311,연근해어업 육상지원설비,일반용,30.0,14285.7,1.0,428571,342857,514286,326438,530705,30000000,70.0,추정,계절변화없음,"어선 주에너지는 면세경유, 전력은 계류·양륙 보조 → 앵커×0.05"
2023,6,충청남도,보령시,A0340,어업관련서비스업(제빙),산업용,4.0,85714.3,1.1612,398126,318501,477751,303247,493004,27868800,70.0,추정,여름얼음만들기,"제빙기 냉동부하, 하절기 집중 → 앵커×0.30"
2023,6,충청남도,보령시,C1021,수산물 냉동·냉장업,산업용,9.0,157142.9,1.2565,1777050,1421640,2132460,1353557,2200543,124393500,70.0,추정,냉동창고,"냉동창고 24시간 가동, 에너지공단 산업부문 C102 다소비 → 앵커×0.55"
2023,6,충청남도,보령시,C1022,수산물 가공·저장처리업(김·바지락),산업용,14.0,57142.9,0.5975,478000,382400,573600,364087,591913,33460000,70.0,추정,김가공철,김 가공 11~3월 성수기 집중 → 앵커×0.20
2023,6,충청남도,보령시,G4631,수산물 위판장·유통(대천/무창포/오천항),일반용,3.0,28571.4,1.2565,107700,86160,129240,82034,133366,7539000,70.0,추정,냉동창고,경매장 조명·냉장 → 앵커×0.10
2023,7,충청남도,보령시,A0331,육상해수양식업(수조식),농사용(을),12.0,100000.0,0.719,862800,690240,1035360,657184,1068416,60396000,70.0,추정,추울때물데우기,"넙치앵커×0.35 (보령은 넙치 대형장 부재, 중소규모 수조식 가정)"
2023,7,충청남도,보령시,A0331,해수양식업(축제식·대하/새우),농사용(을),45.0,34285.7,1.2457,1921937,1537550,2306325,1463916,2379959,134535600,70.0,추정,더울때산소공급,"축제식은 수차·산소공급 중심, 수조 순환펌프 없음 → 앵커×0.12"
2023,7,충청남도,보령시,A0333,수산종자생산업,농사용(을),6.0,71428.6,0.719,308143,246514,369771,234709,381577,21570000,70.0,추정,추울때물데우기,종자장은 가온·여과 부하 상시 → 앵커×0.25
2023,7,충청남도,보령시,A0332,육상등 내수양식업,농사용(을),8.0,22857.1,1.2457,227785,182228,273342,173501,282069,15944960,70.0,추정,더울때산소공급,소규모 내수면 → 앵커×0.08
2023,7,충청남도,보령시,A0311,연근해어업 육상지원설비,일반용,30.0,14285.7,1.0,428571,342857,514286,326438,530705,30000000,70.0,추정,계절변화없음,"어선 주에너지는 면세경유, 전력은 계류·양륙 보조 → 앵커×0.05"
2023,7,충청남도,보령시,A0340,어업관련서비스업(제빙),산업용,4.0,85714.3,1.3413,459874,367899,551849,350281,569468,32191200,70.0,추정,여름얼음만들기,"제빙기 냉동부하, 하절기 집중 → 앵커×0.30"
2023,7,충청남도,보령시,C1021,수산물 냉동·냉장업,산업용,9.0,157142.9,1.3615,1925550,1540440,2310660,1466668,2384432,134788500,70.0,추정,냉동창고,"냉동창고 24시간 가동, 에너지공단 산업부문 C102 다소비 → 앵커×0.55"
2023,7,충청남도,보령시,C1022,수산물 가공·저장처리업(김·바지락),산업용,14.0,57142.9,0.5975,478000,382400,573600,364087,591913,33460000,70.0,추정,김가공철,김 가공 11~3월 성수기 집중 → 앵커×0.20
2023,7,충청남도,보령시,G4631,수산물 위판장·유통(대천/무창포/오천항),일반용,3.0,28571.4,1.3615,116700,93360,140040,88889,144511,8169000,70.0,추정,냉동창고,경매장 조명·냉장 → 앵커×0.10
2023,8,충청남도,보령시,A0331,육상해수양식업(수조식),농사용(을),12.0,100000.0,0.719,862800,690240,1035360,657184,1068416,60396000,70.0,추정,추울때물데우기,"넙치앵커×0.35 (보령은 넙치 대형장 부재, 중소규모 수조식 가정)"
2023,8,충청남도,보령시,A0331,해수양식업(축제식·대하/새우),농사용(을),45.0,34285.7,1.3989,2158303,1726642,2589963,1643953,2672653,151081200,70.0,추정,더울때산소공급,"축제식은 수차·산소공급 중심, 수조 순환펌프 없음 → 앵커×0.12"
2023,8,충청남도,보령시,A0333,수산종자생산업,농사용(을),6.0,71428.6,0.719,308143,246514,369771,234709,381577,21570000,70.0,추정,추울때물데우기,종자장은 가온·여과 부하 상시 → 앵커×0.25
2023,8,충청남도,보령시,A0332,육상등 내수양식업,농사용(을),8.0,22857.1,1.3989,255799,204639,306959,194839,316759,17905920,70.0,추정,더울때산소공급,소규모 내수면 → 앵커×0.08
2023,8,충청남도,보령시,A0311,연근해어업 육상지원설비,일반용,30.0,14285.7,1.0,428571,342857,514286,326438,530705,30000000,70.0,추정,계절변화없음,"어선 주에너지는 면세경유, 전력은 계류·양륙 보조 → 앵커×0.05"
2023,8,충청남도,보령시,A0340,어업관련서비스업(제빙),산업용,4.0,85714.3,1.3877,475783,380626,570939,362398,589168,33304800,70.0,추정,여름얼음만들기,"제빙기 냉동부하, 하절기 집중 → 앵커×0.30"
2023,8,충청남도,보령시,C1021,수산물 냉동·냉장업,산업용,9.0,157142.9,1.3885,1963736,1570989,2356483,1495753,2431718,137461500,70.0,추정,냉동창고,"냉동창고 24시간 가동, 에너지공단 산업부문 C102 다소비 → 앵커×0.55"
2023,8,충청남도,보령시,C1022,수산물 가공·저장처리업(김·바지락),산업용,14.0,57142.9,0.6473,517840,414272,621408,394432,641248,36248800,70.0,추정,김가공철,김 가공 11~3월 성수기 집중 → 앵커×0.20
2023,8,충청남도,보령시,G4631,수산물 위판장·유통(대천/무창포/오천항),일반용,3.0,28571.4,1.3885,119014,95211,142817,90652,147377,8331000,70.0,추정,냉동창고,경매장 조명·냉장 → 앵커×0.10
2023,9,충청남도,보령시,A0331,육상해수양식업(수조식),농사용(을),12.0,100000.0,0.719,862800,690240,1035360,657184,1068416,60396000,70.0,추정,추울때물데우기,"넙치앵커×0.35 (보령은 넙치 대형장 부재, 중소규모 수조식 가정)"
2023,9,충청남도,보령시,A0331,해수양식업(축제식·대하/새우),농사용(을),45.0,34285.7,1.2074,1862846,1490277,2235415,1418907,2306785,130399200,70.0,추정,더울때산소공급,"축제식은 수차·산소공급 중심, 수조 순환펌프 없음 → 앵커×0.12"
2023,9,충청남도,보령시,A0333,수산종자생산업,농사용(을),6.0,71428.6,0.719,308143,246514,369771,234709,381577,21570000,70.0,추정,추울때물데우기,종자장은 가온·여과 부하 상시 → 앵커×0.25
2023,9,충청남도,보령시,A0332,육상등 내수양식업,농사용(을),8.0,22857.1,1.2074,220782,176625,264938,168167,273397,15454720,70.0,추정,더울때산소공급,소규모 내수면 → 앵커×0.08
2023,9,충청남도,보령시,A0311,연근해어업 육상지원설비,일반용,30.0,14285.7,1.0,428571,342857,514286,326438,530705,30000000,70.0,추정,계절변화없음,"어선 주에너지는 면세경유, 전력은 계류·양륙 보조 → 앵커×0.05"
2023,9,충청남도,보령시,A0340,어업관련서비스업(제빙),산업용,4.0,85714.3,1.1612,398126,318501,477751,303247,493004,27868800,70.0,추정,여름얼음만들기,"제빙기 냉동부하, 하절기 집중 → 앵커×0.30"
2023,9,충청남도,보령시,C1021,수산물 냉동·냉장업,산업용,9.0,157142.9,1.2565,1777050,1421640,2132460,1353557,2200543,124393500,70.0,추정,냉동창고,"냉동창고 24시간 가동, 에너지공단 산업부문 C102 다소비 → 앵커×0.55"
2023,9,충청남도,보령시,C1022,수산물 가공·저장처리업(김·바지락),산업용,14.0,57142.9,0.7967,637360,509888,764832,485469,789251,44615200,70.0,추정,김가공철,김 가공 11~3월 성수기 집중 → 앵커×0.20
2023,9,충청남도,보령시,G4631,수산물 위판장·유통(대천/무창포/오천항),일반용,3.0,28571.4,1.2565,107700,86160,129240,82034,133366,7539000,70.0,추정,냉동창고,경매장 조명·냉장 → 앵커×0.10
2023,10,충청남도,보령시,A0331,육상해수양식업(수조식),농사용(을),12.0,100000.0,0.719,862800,690240,1035360,657184,1068416,60396000,70.0,추정,추울때물데우기,"넙치앵커×0.35 (보령은 넙치 대형장 부재, 중소규모 수조식 가정)"
2023,10,충청남도,보령시,A0331,해수양식업(축제식·대하/새우),농사용(을),45.0,34285.7,0.9011,1390269,1112215,1668322,1058950,1721587,97318800,70.0,추정,더울때산소공급,"축제식은 수차·산소공급 중심, 수조 순환펌프 없음 → 앵커×0.12"
2023,10,충청남도,보령시,A0333,수산종자생산업,농사용(을),6.0,71428.6,0.719,308143,246514,369771,234709,381577,21570000,70.0,추정,추울때물데우기,종자장은 가온·여과 부하 상시 → 앵커×0.25
2023,10,충청남도,보령시,A0332,육상등 내수양식업,농사용(을),8.0,22857.1,0.9011,164773,131818,197727,125505,204040,11534080,70.0,추정,더울때산소공급,소규모 내수면 → 앵커×0.08
2023,10,충청남도,보령시,A0311,연근해어업 육상지원설비,일반용,30.0,14285.7,1.0,428571,342857,514286,326438,530705,30000000,70.0,추정,계절변화없음,"어선 주에너지는 면세경유, 전력은 계류·양륙 보조 → 앵커×0.05"
2023,10,충청남도,보령시,A0340,어업관련서비스업(제빙),산업용,4.0,85714.3,0.8576,294034,235227,352841,223962,364106,20582400,70.0,추정,여름얼음만들기,"제빙기 냉동부하, 하절기 집중 → 앵커×0.30"
2023,10,충청남도,보령시,C1021,수산물 냉동·냉장업,산업용,9.0,157142.9,1.0645,1505507,1204406,1806609,1146726,1864288,105385500,70.0,추정,냉동창고,"냉동창고 24시간 가동, 에너지공단 산업부문 C102 다소비 → 앵커×0.55"
2023,10,충청남도,보령시,C1022,수산물 가공·저장처리업(김·바지락),산업용,14.0,57142.9,1.0456,836480,669184,1003776,637136,1035824,58553600,70.0,추정,김가공철,김 가공 11~3월 성수기 집중 → 앵커×0.20
2023,10,충청남도,보령시,G4631,수산물 위판장·유통(대천/무창포/오천항),일반용,3.0,28571.4,1.0645,91243,72994,109491,69499,112987,6387000,70.0,추정,냉동창고,경매장 조명·냉장 → 앵커×0.10
2023,11,충청남도,보령시,A0331,육상해수양식업(수조식),농사용(을),12.0,100000.0,0.9706,1164720,931776,1397664,887153,1442287,81530400,70.0,추정,추울때물데우기,"넙치앵커×0.35 (보령은 넙치 대형장 부재, 중소규모 수조식 가정)"
2023,11,충청남도,보령시,A0331,해수양식업(축제식·대하/새우),농사용(을),45.0,34285.7,0.9011,1390269,1112215,1668322,1058950,1721587,97318800,70.0,추정,더울때산소공급,"축제식은 수차·산소공급 중심, 수조 순환펌프 없음 → 앵커×0.12"
2023,11,충청남도,보령시,A0333,수산종자생산업,농사용(을),6.0,71428.6,0.9706,415971,332777,499166,316840,515103,29118000,70.0,추정,추울때물데우기,종자장은 가온·여과 부하 상시 → 앵커×0.25
2023,11,충청남도,보령시,A0332,육상등 내수양식업,농사용(을),8.0,22857.1,0.9011,164773,131818,197727,125505,204040,11534080,70.0,추정,더울때산소공급,소규모 내수면 → 앵커×0.08
2023,11,충청남도,보령시,A0311,연근해어업 육상지원설비,일반용,30.0,14285.7,1.0,428571,342857,514286,326438,530705,30000000,70.0,추정,계절변화없음,"어선 주에너지는 면세경유, 전력은 계류·양륙 보조 → 앵커×0.05"
2023,11,충청남도,보령시,A0340,어업관련서비스업(제빙),산업용,4.0,85714.3,0.8576,294034,235227,352841,223962,364106,20582400,70.0,추정,여름얼음만들기,"제빙기 냉동부하, 하절기 집중 → 앵커×0.30"
2023,11,충청남도,보령시,C1021,수산물 냉동·냉장업,산업용,9.0,157142.9,0.8515,1204264,963411,1445117,917273,1491255,84298500,70.0,추정,냉동창고,"냉동창고 24시간 가동, 에너지공단 산업부문 C102 다소비 → 앵커×0.55"
2023,11,충청남도,보령시,C1022,수산물 가공·저장처리업(김·바지락),산업용,14.0,57142.9,1.2946,1035680,828544,1242816,788865,1282495,72497600,70.0,추정,김가공철,김 가공 11~3월 성수기 집중 → 앵커×0.20
2023,11,충청남도,보령시,G4631,수산물 위판장·유통(대천/무창포/오천항),일반용,3.0,28571.4,0.8515,72986,58389,87583,55592,90379,5109000,70.0,추정,냉동창고,경매장 조명·냉장 → 앵커×0.10
2023,12,충청남도,보령시,A0331,육상해수양식업(수조식),농사용(을),12.0,100000.0,1.2223,1466760,1173408,1760112,1117213,1816307,102673200,70.0,추정,추울때물데우기,"넙치앵커×0.35 (보령은 넙치 대형장 부재, 중소규모 수조식 가정)"
2023,12,충청남도,보령시,A0331,해수양식업(축제식·대하/새우),농사용(을),45.0,34285.7,0.9011,1390269,1112215,1668322,1058950,1721587,97318800,70.0,추정,더울때산소공급,"축제식은 수차·산소공급 중심, 수조 순환펌프 없음 → 앵커×0.12"
2023,12,충청남도,보령시,A0333,수산종자생산업,농사용(을),6.0,71428.6,1.2223,523843,419074,628611,399005,648681,36669000,70.0,추정,추울때물데우기,종자장은 가온·여과 부하 상시 → 앵커×0.25
2023,12,충청남도,보령시,A0332,육상등 내수양식업,농사용(을),8.0,22857.1,0.9011,164773,131818,197727,125505,204040,11534080,70.0,추정,더울때산소공급,소규모 내수면 → 앵커×0.08
2023,12,충청남도,보령시,A0311,연근해어업 육상지원설비,일반용,30.0,14285.7,1.0,428571,342857,514286,326438,530705,30000000,70.0,추정,계절변화없음,"어선 주에너지는 면세경유, 전력은 계류·양륙 보조 → 앵커×0.05"
2023,12,충청남도,보령시,A0340,어업관련서비스업(제빙),산업용,4.0,85714.3,0.8576,294034,235227,352841,223962,364106,20582400,70.0,추정,여름얼음만들기,"제빙기 냉동부하, 하절기 집중 → 앵커×0.30"
2023,12,충청남도,보령시,C1021,수산물 냉동·냉장업,산업용,9.0,157142.9,0.6595,932721,746177,1119266,710442,1155000,65290500,70.0,추정,냉동창고,"냉동창고 24시간 가동, 에너지공단 산업부문 C102 다소비 → 앵커×0.55"
2023,12,충청남도,보령시,C1022,수산물 가공·저장처리업(김·바지락),산업용,14.0,57142.9,1.3942,1115360,892288,1338432,849556,1381164,78075200,70.0,추정,김가공철,김 가공 11~3월 성수기 집중 → 앵커×0.20
2023,12,충청남도,보령시,G4631,수산물 위판장·유통(대천/무창포/오천항),일반용,3.0,28571.4,0.6595,56529,45223,67834,43057,70000,3957000,70.0,추정,냉동창고,경매장 조명·냉장 → 앵커×0.10
2024,1,충청남도,보령시,A0331,육상해수양식업(수조식),농사용(을),12.0,100000.0,1.3984,1678080,1342464,2013696,1278173,2077987,117465600,70.0,추정,추울때물데우기,"넙치앵커×0.35 (보령은 넙치 대형장 부재, 중소규모 수조식 가정)"
2024,1,충청남도,보령시,A0331,해수양식업(축제식·대하/새우),농사용(을),45.0,34285.7,0.9011,1390269,1112215,1668322,1058950,1721587,97318800,70.0,추정,더울때산소공급,"축제식은 수차·산소공급 중심, 수조 순환펌프 없음 → 앵커×0.12"
2024,1,충청남도,보령시,A0333,수산종자생산업,농사용(을),6.0,71428.6,1.3984,599314,479451,719177,456490,742138,41952000,70.0,추정,추울때물데우기,종자장은 가온·여과 부하 상시 → 앵커×0.25
2024,1,충청남도,보령시,A0332,육상등 내수양식업,농사용(을),8.0,22857.1,0.9011,164773,131818,197727,125505,204040,11534080,70.0,추정,더울때산소공급,소규모 내수면 → 앵커×0.08
2024,1,충청남도,보령시,A0311,연근해어업 육상지원설비,일반용,30.0,14285.7,1.0,428571,342857,514286,326438,530705,30000000,70.0,추정,계절변화없음,"어선 주에너지는 면세경유, 전력은 계류·양륙 보조 → 앵커×0.05"
2024,1,충청남도,보령시,A0340,어업관련서비스업(제빙),산업용,4.0,85714.3,0.8576,294034,235227,352841,223962,364106,20582400,70.0,추정,여름얼음만들기,"제빙기 냉동부하, 하절기 집중 → 앵커×0.30"
2024,1,충청남도,보령시,C1021,수산물 냉동·냉장업,산업용,9.0,157142.9,0.6025,852107,681686,1022529,649039,1055175,59647500,70.0,추정,냉동창고,"냉동창고 24시간 가동, 에너지공단 산업부문 C102 다소비 → 앵커×0.55"
2024,1,충청남도,보령시,C1022,수산물 가공·저장처리업(김·바지락),산업용,14.0,57142.9,1.444,1155200,924160,1386240,879902,1430498,80864000,70.0,추정,김가공철,김 가공 11~3월 성수기 집중 → 앵커×0.20
2024,1,충청남도,보령시,G4631,수산물 위판장·유통(대천/무창포/오천항),일반용,3.0,28571.4,0.6025,51643,41314,61971,39336,63950,3615000,70.0,추정,냉동창고,경매장 조명·냉장 → 앵커×0.10
2024,2,충청남도,보령시,A0331,육상해수양식업(수조식),농사용(을),12.0,100000.0,1.4236,1708320,1366656,2049984,1301206,2115434,119582400,70.0,추정,추울때물데우기,"넙치앵커×0.35 (보령은 넙치 대형장 부재, 중소규모 수조식 가정)"
2024,2,충청남도,보령시,A0331,해수양식업(축제식·대하/새우),농사용(을),45.0,34285.7,0.9011,1390269,1112215,1668322,1058950,1721587,97318800,70.0,추정,더울때산소공급,"축제식은 수차·산소공급 중심, 수조 순환펌프 없음 → 앵커×0.12"
2024,2,충청남도,보령시,A0333,수산종자생산업,농사용(을),6.0,71428.6,1.4236,610114,488091,732137,464717,755512,42708000,70.0,추정,추울때물데우기,종자장은 가온·여과 부하 상시 → 앵커×0.25
2024,2,충청남도,보령시,A0332,육상등 내수양식업,농사용(을),8.0,22857.1,0.9011,164773,131818,197727,125505,204040,11534080,70.0,추정,더울때산소공급,소규모 내수면 → 앵커×0.08
2024,2,충청남도,보령시,A0311,연근해어업 육상지원설비,일반용,30.0,14285.7,1.0,428571,342857,514286,326438,530705,30000000,70.0,추정,계절변화없음,"어선 주에너지는 면세경유, 전력은 계류·양륙 보조 → 앵커×0.05"
2024,2,충청남도,보령시,A0340,어업관련서비스업(제빙),산업용,4.0,85714.3,0.8576,294034,235227,352841,223962,364106,20582400,70.0,추정,여름얼음만들기,"제빙기 냉동부하, 하절기 집중 → 앵커×0.30"
2024,2,충청남도,보령시,C1021,수산물 냉동·냉장업,산업용,9.0,157142.9,0.6565,928479,742783,1114174,707211,1149746,64993500,70.0,추정,냉동창고,"냉동창고 24시간 가동, 에너지공단 산업부문 C102 다소비 → 앵커×0.55"
2024,2,충청남도,보령시,C1022,수산물 가공·저장처리업(김·바지락),산업용,14.0,57142.9,1.3942,1115360,892288,1338432,849556,1381164,78075200,70.0,추정,김가공철,김 가공 11~3월 성수기 집중 → 앵커×0.20
2024,2,충청남도,보령시,G4631,수산물 위판장·유통(대천/무창포/오천항),일반용,3.0,28571.4,0.6565,56271,45017,67526,42861,69682,3939000,70.0,추정,냉동창고,경매장 조명·냉장 → 앵커×0.10
2024,3,충청남도,보령시,A0331,육상해수양식업(수조식),농사용(을),12.0,100000.0,1.3229,1587480,1269984,1904976,1209164,1965796,111123600,70.0,추정,추울때물데우기,"넙치앵커×0.35 (보령은 넙치 대형장 부재, 중소규모 수조식 가정)"
2024,3,충청남도,보령시,A0331,해수양식업(축제식·대하/새우),농사용(을),45.0,34285.7,0.9011,1390269,1112215,1668322,1058950,1721587,97318800,70.0,추정,더울때산소공급,"축제식은 수차·산소공급 중심, 수조 순환펌프 없음 → 앵커×0.12"
2024,3,충청남도,보령시,A0333,수산종자생산업,농사용(을),6.0,71428.6,1.3229,566957,453566,680349,431844,702070,39687000,70.0,추정,추울때물데우기,종자장은 가온·여과 부하 상시 → 앵커×0.25
2024,3,충청남도,보령시,A0332,육상등 내수양식업,농사용(을),8.0,22857.1,0.9011,164773,131818,197727,125505,204040,11534080,70.0,추정,더울때산소공급,소규모 내수면 → 앵커×0.08
2024,3,충청남도,보령시,A0311,연근해어업 육상지원설비,일반용,30.0,14285.7,1.0,428571,342857,514286,326438,530705,30000000,70.0,추정,계절변화없음,"어선 주에너지는 면세경유, 전력은 계류·양륙 보조 → 앵커×0.05"
2024,3,충청남도,보령시,A0340,어업관련서비스업(제빙),산업용,4.0,85714.3,0.8576,294034,235227,352841,223962,364106,20582400,70.0,추정,여름얼음만들기,"제빙기 냉동부하, 하절기 집중 → 앵커×0.30"
2024,3,충청남도,보령시,C1021,수산물 냉동·냉장업,산업용,9.0,157142.9,0.8005,1132136,905709,1358563,862334,1401938,79249500,70.0,추정,냉동창고,"냉동창고 24시간 가동, 에너지공단 산업부문 C102 다소비 → 앵커×0.55"
2024,3,충청남도,보령시,C1022,수산물 가공·저장처리업(김·바지락),산업용,14.0,57142.9,1.2448,995840,796672,1195008,758519,1233161,69708800,70.0,추정,김가공철,김 가공 11~3월 성수기 집중 → 앵커×0.20
2024,3,충청남도,보령시,G4631,수산물 위판장·유통(대천/무창포/오천항),일반용,3.0,28571.4,0.8005,68614,54891,82337,52263,84966,4803000,70.0,추정,냉동창고,경매장 조명·냉장 → 앵커×0.10
2024,4,충청남도,보령시,A0331,육상해수양식업(수조식),농사용(을),12.0,100000.0,1.1468,1376160,1100928,1651392,1048204,1704116,96331200,70.0,추정,추울때물데우기,"넙치앵커×0.35 (보령은 넙치 대형장 부재, 중소규모 수조식 가정)"
2024,4,충청남도,보령시,A0331,해수양식업(축제식·대하/새우),농사용(을),45.0,34285.7,0.9011,1390269,1112215,1668322,1058950,1721587,97318800,70.0,추정,더울때산소공급,"축제식은 수차·산소공급 중심, 수조 순환펌프 없음 → 앵커×0.12"
2024,4,충청남도,보령시,A0333,수산종자생산업,농사용(을),6.0,71428.6,1.1468,491486,393189,589783,374359,608613,34404000,70.0,추정,추울때물데우기,종자장은 가온·여과 부하 상시 → 앵커×0.25
2024,4,충청남도,보령시,A0332,육상등 내수양식업,농사용(을),8.0,22857.1,0.9011,164773,131818,197727,125505,204040,11534080,70.0,추정,더울때산소공급,소규모 내수면 → 앵커×0.08
2024,4,충청남도,보령시,A0311,연근해어업 육상지원설비,일반용,30.0,14285.7,1.0,428571,342857,514286,326438,530705,30000000,70.0,추정,계절변화없음,"어선 주에너지는 면세경유, 전력은 계류·양륙 보조 → 앵커×0.05"
2024,4,충청남도,보령시,A0340,어업관련서비스업(제빙),산업용,4.0,85714.3,0.8576,294034,235227,352841,223962,364106,20582400,70.0,추정,여름얼음만들기,"제빙기 냉동부하, 하절기 집중 → 앵커×0.30"
2024,4,충청남도,보령시,C1021,수산물 냉동·냉장업,산업용,9.0,157142.9,0.9715,1373979,1099183,1648774,1046542,1701415,96178500,70.0,추정,냉동창고,"냉동창고 24시간 가동, 에너지공단 산업부문 C102 다소비 → 앵커×0.55"
2024,4,충청남도,보령시,C1022,수산물 가공·저장처리업(김·바지락),산업용,14.0,57142.9,0.8465,677200,541760,812640,515815,838585,47404000,70.0,추정,김가공철,김 가공 11~3월 성수기 집중 → 앵커×0.20
2024,4,충청남도,보령시,G4631,수산물 위판장·유통(대천/무창포/오천항),일반용,3.0,28571.4,0.9715,83271,66617,99926,63427,103116,5829000,70.0,추정,냉동창고,경매장 조명·냉장 → 앵커×0.10
2024,5,충청남도,보령시,A0331,육상해수양식업(수조식),농사용(을),12.0,100000.0,0.9203,1104360,883488,1325232,841177,1367543,77305200,70.0,추정,추울때물데우기,"넙치앵커×0.35 (보령은 넙치 대형장 부재, 중소규모 수조식 가정)"
2024,5,충청남도,보령시,A0331,해수양식업(축제식·대하/새우),농사용(을),45.0,34285.7,0.9011,1390269,1112215,1668322,1058950,1721587,97318800,70.0,추정,더울때산소공급,"축제식은 수차·산소공급 중심, 수조 순환펌프 없음 → 앵커×0.12"
2024,5,충청남도,보령시,A0333,수산종자생산업,농사용(을),6.0,71428.6,0.9203,394414,315531,473297,300420,488408,27609000,70.0,추정,추울때물데우기,종자장은 가온·여과 부하 상시 → 앵커×0.25
2024,5,충청남도,보령시,A0332,육상등 내수양식업,농사용(을),8.0,22857.1,0.9011,164773,131818,197727,125505,204040,11534080,70.0,추정,더울때산소공급,소규모 내수면 → 앵커×0.08
2024,5,충청남도,보령시,A0311,연근해어업 육상지원설비,일반용,30.0,14285.7,1.0,428571,342857,514286,326438,530705,30000000,70.0,추정,계절변화없음,"어선 주에너지는 면세경유, 전력은 계류·양륙 보조 → 앵커×0.05"
2024,5,충청남도,보령시,A0340,어업관련서비스업(제빙),산업용,4.0,85714.3,0.9451,324034,259227,388841,246813,401256,22682400,70.0,추정,여름얼음만들기,"제빙기 냉동부하, 하절기 집중 → 앵커×0.30"
2024,5,충청남도,보령시,C1021,수산물 냉동·냉장업,산업용,9.0,157142.9,1.1305,1598850,1279080,1918620,1217824,1979876,111919500,70.0,추정,냉동창고,"냉동창고 24시간 가동, 에너지공단 산업부문 C102 다소비 → 앵커×0.55"
2024,5,충청남도,보령시,C1022,수산물 가공·저장처리업(김·바지락),산업용,14.0,57142.9,0.6971,557680,446144,669216,424778,690582,39037600,70.0,추정,김가공철,김 가공 11~3월 성수기 집중 → 앵커×0.20
2024,5,충청남도,보령시,G4631,수산물 위판장·유통(대천/무창포/오천항),일반용,3.0,28571.4,1.1305,96900,77520,116280,73808,119992,6783000,70.0,추정,냉동창고,경매장 조명·냉장 → 앵커×0.10
2024,6,충청남도,보령시,A0331,육상해수양식업(수조식),농사용(을),12.0,100000.0,0.719,862800,690240,1035360,657184,1068416,60396000,70.0,추정,추울때물데우기,"넙치앵커×0.35 (보령은 넙치 대형장 부재, 중소규모 수조식 가정)"
2024,6,충청남도,보령시,A0331,해수양식업(축제식·대하/새우),농사용(을),45.0,34285.7,0.9394,1449360,1159488,1739232,1103960,1794760,101455200,70.0,추정,더울때산소공급,"축제식은 수차·산소공급 중심, 수조 순환펌프 없음 → 앵커×0.12"
2024,6,충청남도,보령시,A0333,수산종자생산업,농사용(을),6.0,71428.6,0.719,308143,246514,369771,234709,381577,21570000,70.0,추정,추울때물데우기,종자장은 가온·여과 부하 상시 → 앵커×0.25
2024,6,충청남도,보령시,A0332,육상등 내수양식업,농사용(을),8.0,22857.1,0.9394,171776,137421,206131,130840,212712,12024320,70.0,추정,더울때산소공급,소규모 내수면 → 앵커×0.08
2024,6,충청남도,보령시,A0311,연근해어업 육상지원설비,일반용,30.0,14285.7,1.0,428571,342857,514286,326438,530705,30000000,70.0,추정,계절변화없음,"어선 주에너지는 면세경유, 전력은 계류·양륙 보조 → 앵커×0.05"
2024,6,충청남도,보령시,A0340,어업관련서비스업(제빙),산업용,4.0,85714.3,1.1612,398126,318501,477751,303247,493004,27868800,70.0,추정,여름얼음만들기,"제빙기 냉동부하, 하절기 집중 → 앵커×0.30"
2024,6,충청남도,보령시,C1021,수산물 냉동·냉장업,산업용,9.0,157142.9,1.2565,1777050,1421640,2132460,1353557,2200543,124393500,70.0,추정,냉동창고,"냉동창고 24시간 가동, 에너지공단 산업부문 C102 다소비 → 앵커×0.55"
2024,6,충청남도,보령시,C1022,수산물 가공·저장처리업(김·바지락),산업용,14.0,57142.9,0.5975,478000,382400,573600,364087,591913,33460000,70.0,추정,김가공철,김 가공 11~3월 성수기 집중 → 앵커×0.20
2024,6,충청남도,보령시,G4631,수산물 위판장·유통(대천/무창포/오천항),일반용,3.0,28571.4,1.2565,107700,86160,129240,82034,133366,7539000,70.0,추정,냉동창고,경매장 조명·냉장 → 앵커×0.10
2024,7,충청남도,보령시,A0331,육상해수양식업(수조식),농사용(을),12.0,100000.0,0.719,862800,690240,1035360,657184,1068416,60396000,70.0,추정,추울때물데우기,"넙치앵커×0.35 (보령은 넙치 대형장 부재, 중소규모 수조식 가정)"
2024,7,충청남도,보령시,A0331,해수양식업(축제식·대하/새우),농사용(을),45.0,34285.7,1.2457,1921937,1537550,2306325,1463916,2379959,134535600,70.0,추정,더울때산소공급,"축제식은 수차·산소공급 중심, 수조 순환펌프 없음 → 앵커×0.12"
2024,7,충청남도,보령시,A0333,수산종자생산업,농사용(을),6.0,71428.6,0.719,308143,246514,369771,234709,381577,21570000,70.0,추정,추울때물데우기,종자장은 가온·여과 부하 상시 → 앵커×0.25
2024,7,충청남도,보령시,A0332,육상등 내수양식업,농사용(을),8.0,22857.1,1.2457,227785,182228,273342,173501,282069,15944960,70.0,추정,더울때산소공급,소규모 내수면 → 앵커×0.08
2024,7,충청남도,보령시,A0311,연근해어업 육상지원설비,일반용,30.0,14285.7,1.0,428571,342857,514286,326438,530705,30000000,70.0,추정,계절변화없음,"어선 주에너지는 면세경유, 전력은 계류·양륙 보조 → 앵커×0.05"
2024,7,충청남도,보령시,A0340,어업관련서비스업(제빙),산업용,4.0,85714.3,1.3413,459874,367899,551849,350281,569468,32191200,70.0,추정,여름얼음만들기,"제빙기 냉동부하, 하절기 집중 → 앵커×0.30"
2024,7,충청남도,보령시,C1021,수산물 냉동·냉장업,산업용,9.0,157142.9,1.3615,1925550,1540440,2310660,1466668,2384432,134788500,70.0,추정,냉동창고,"냉동창고 24시간 가동, 에너지공단 산업부문 C102 다소비 → 앵커×0.55"
2024,7,충청남도,보령시,C1022,수산물 가공·저장처리업(김·바지락),산업용,14.0,57142.9,0.5975,478000,382400,573600,364087,591913,33460000,70.0,추정,김가공철,김 가공 11~3월 성수기 집중 → 앵커×0.20
2024,7,충청남도,보령시,G4631,수산물 위판장·유통(대천/무창포/오천항),일반용,3.0,28571.4,1.3615,116700,93360,140040,88889,144511,8169000,70.0,추정,냉동창고,경매장 조명·냉장 → 앵커×0.10
2024,8,충청남도,보령시,A0331,육상해수양식업(수조식),농사용(을),12.0,100000.0,0.719,862800,690240,1035360,657184,1068416,60396000,70.0,추정,추울때물데우기,"넙치앵커×0.35 (보령은 넙치 대형장 부재, 중소규모 수조식 가정)"
2024,8,충청남도,보령시,A0331,해수양식업(축제식·대하/새우),농사용(을),45.0,34285.7,1.3989,2158303,1726642,2589963,1643953,2672653,151081200,70.0,추정,더울때산소공급,"축제식은 수차·산소공급 중심, 수조 순환펌프 없음 → 앵커×0.12"
2024,8,충청남도,보령시,A0333,수산종자생산업,농사용(을),6.0,71428.6,0.719,308143,246514,369771,234709,381577,21570000,70.0,추정,추울때물데우기,종자장은 가온·여과 부하 상시 → 앵커×0.25
2024,8,충청남도,보령시,A0332,육상등 내수양식업,농사용(을),8.0,22857.1,1.3989,255799,204639,306959,194839,316759,17905920,70.0,추정,더울때산소공급,소규모 내수면 → 앵커×0.08
2024,8,충청남도,보령시,A0311,연근해어업 육상지원설비,일반용,30.0,14285.7,1.0,428571,342857,514286,326438,530705,30000000,70.0,추정,계절변화없음,"어선 주에너지는 면세경유, 전력은 계류·양륙 보조 → 앵커×0.05"
2024,8,충청남도,보령시,A0340,어업관련서비스업(제빙),산업용,4.0,85714.3,1.3877,475783,380626,570939,362398,589168,33304800,70.0,추정,여름얼음만들기,"제빙기 냉동부하, 하절기 집중 → 앵커×0.30"
2024,8,충청남도,보령시,C1021,수산물 냉동·냉장업,산업용,9.0,157142.9,1.3885,1963736,1570989,2356483,1495753,2431718,137461500,70.0,추정,냉동창고,"냉동창고 24시간 가동, 에너지공단 산업부문 C102 다소비 → 앵커×0.55"
2024,8,충청남도,보령시,C1022,수산물 가공·저장처리업(김·바지락),산업용,14.0,57142.9,0.6473,517840,414272,621408,394432,641248,36248800,70.0,추정,김가공철,김 가공 11~3월 성수기 집중 → 앵커×0.20
2024,8,충청남도,보령시,G4631,수산물 위판장·유통(대천/무창포/오천항),일반용,3.0,28571.4,1.3885,119014,95211,142817,90652,147377,8331000,70.0,추정,냉동창고,경매장 조명·냉장 → 앵커×0.10
2024,9,충청남도,보령시,A0331,육상해수양식업(수조식),농사용(을),12.0,100000.0,0.719,862800,690240,1035360,657184,1068416,60396000,70.0,추정,추울때물데우기,"넙치앵커×0.35 (보령은 넙치 대형장 부재, 중소규모 수조식 가정)"
2024,9,충청남도,보령시,A0331,해수양식업(축제식·대하/새우),농사용(을),45.0,34285.7,1.2074,1862846,1490277,2235415,1418907,2306785,130399200,70.0,추정,더울때산소공급,"축제식은 수차·산소공급 중심, 수조 순환펌프 없음 → 앵커×0.12"
2024,9,충청남도,보령시,A0333,수산종자생산업,농사용(을),6.0,71428.6,0.719,308143,246514,369771,234709,381577,21570000,70.0,추정,추울때물데우기,종자장은 가온·여과 부하 상시 → 앵커×0.25
2024,9,충청남도,보령시,A0332,육상등 내수양식업,농사용(을),8.0,22857.1,1.2074,220782,176625,264938,168167,273397,15454720,70.0,추정,더울때산소공급,소규모 내수면 → 앵커×0.08
2024,9,충청남도,보령시,A0311,연근해어업 육상지원설비,일반용,30.0,14285.7,1.0,428571,342857,514286,326438,530705,30000000,70.0,추정,계절변화없음,"어선 주에너지는 면세경유, 전력은 계류·양륙 보조 → 앵커×0.05"
2024,9,충청남도,보령시,A0340,어업관련서비스업(제빙),산업용,4.0,85714.3,1.1612,398126,318501,477751,303247,493004,27868800,70.0,추정,여름얼음만들기,"제빙기 냉동부하, 하절기 집중 → 앵커×0.30"
2024,9,충청남도,보령시,C1021,수산물 냉동·냉장업,산업용,9.0,157142.9,1.2565,1777050,1421640,2132460,1353557,2200543,124393500,70.0,추정,냉동창고,"냉동창고 24시간 가동, 에너지공단 산업부문 C102 다소비 → 앵커×0.55"
2024,9,충청남도,보령시,C1022,수산물 가공·저장처리업(김·바지락),산업용,14.0,57142.9,0.7967,637360,509888,764832,485469,789251,44615200,70.0,추정,김가공철,김 가공 11~3월 성수기 집중 → 앵커×0.20
2024,9,충청남도,보령시,G4631,수산물 위판장·유통(대천/무창포/오천항),일반용,3.0,28571.4,1.2565,107700,86160,129240,82034,133366,7539000,70.0,추정,냉동창고,경매장 조명·냉장 → 앵커×0.10
2024,10,충청남도,보령시,A0331,육상해수양식업(수조식),농사용(을),12.0,100000.0,0.719,862800,690240,1035360,657184,1068416,60396000,70.0,추정,추울때물데우기,"넙치앵커×0.35 (보령은 넙치 대형장 부재, 중소규모 수조식 가정)"
2024,10,충청남도,보령시,A0331,해수양식업(축제식·대하/새우),농사용(을),45.0,34285.7,0.9011,1390269,1112215,1668322,1058950,1721587,97318800,70.0,추정,더울때산소공급,"축제식은 수차·산소공급 중심, 수조 순환펌프 없음 → 앵커×0.12"
2024,10,충청남도,보령시,A0333,수산종자생산업,농사용(을),6.0,71428.6,0.719,308143,246514,369771,234709,381577,21570000,70.0,추정,추울때물데우기,종자장은 가온·여과 부하 상시 → 앵커×0.25
2024,10,충청남도,보령시,A0332,육상등 내수양식업,농사용(을),8.0,22857.1,0.9011,164773,131818,197727,125505,204040,11534080,70.0,추정,더울때산소공급,소규모 내수면 → 앵커×0.08
2024,10,충청남도,보령시,A0311,연근해어업 육상지원설비,일반용,30.0,14285.7,1.0,428571,342857,514286,326438,530705,30000000,70.0,추정,계절변화없음,"어선 주에너지는 면세경유, 전력은 계류·양륙 보조 → 앵커×0.05"
2024,10,충청남도,보령시,A0340,어업관련서비스업(제빙),산업용,4.0,85714.3,0.8576,294034,235227,352841,223962,364106,20582400,70.0,추정,여름얼음만들기,"제빙기 냉동부하, 하절기 집중 → 앵커×0.30"
2024,10,충청남도,보령시,C1021,수산물 냉동·냉장업,산업용,9.0,157142.9,1.0645,1505507,1204406,1806609,1146726,1864288,105385500,70.0,추정,냉동창고,"냉동창고 24시간 가동, 에너지공단 산업부문 C102 다소비 → 앵커×0.55"
2024,10,충청남도,보령시,C1022,수산물 가공·저장처리업(김·바지락),산업용,14.0,57142.9,1.0456,836480,669184,1003776,637136,1035824,58553600,70.0,추정,김가공철,김 가공 11~3월 성수기 집중 → 앵커×0.20
2024,10,충청남도,보령시,G4631,수산물 위판장·유통(대천/무창포/오천항),일반용,3.0,28571.4,1.0645,91243,72994,109491,69499,112987,6387000,70.0,추정,냉동창고,경매장 조명·냉장 → 앵커×0.10
2024,11,충청남도,보령시,A0331,육상해수양식업(수조식),농사용(을),12.0,100000.0,0.9706,1164720,931776,1397664,887153,1442287,81530400,70.0,추정,추울때물데우기,"넙치앵커×0.35 (보령은 넙치 대형장 부재, 중소규모 수조식 가정)"
2024,11,충청남도,보령시,A0331,해수양식업(축제식·대하/새우),농사용(을),45.0,34285.7,0.9011,1390269,1112215,1668322,1058950,1721587,97318800,70.0,추정,더울때산소공급,"축제식은 수차·산소공급 중심, 수조 순환펌프 없음 → 앵커×0.12"
2024,11,충청남도,보령시,A0333,수산종자생산업,농사용(을),6.0,71428.6,0.9706,415971,332777,499166,316840,515103,29118000,70.0,추정,추울때물데우기,종자장은 가온·여과 부하 상시 → 앵커×0.25
2024,11,충청남도,보령시,A0332,육상등 내수양식업,농사용(을),8.0,22857.1,0.9011,164773,131818,197727,125505,204040,11534080,70.0,추정,더울때산소공급,소규모 내수면 → 앵커×0.08
2024,11,충청남도,보령시,A0311,연근해어업 육상지원설비,일반용,30.0,14285.7,1.0,428571,342857,514286,326438,530705,30000000,70.0,추정,계절변화없음,"어선 주에너지는 면세경유, 전력은 계류·양륙 보조 → 앵커×0.05"
2024,11,충청남도,보령시,A0340,어업관련서비스업(제빙),산업용,4.0,85714.3,0.8576,294034,235227,352841,223962,364106,20582400,70.0,추정,여름얼음만들기,"제빙기 냉동부하, 하절기 집중 → 앵커×0.30"
2024,11,충청남도,보령시,C1021,수산물 냉동·냉장업,산업용,9.0,157142.9,0.8515,1204264,963411,1445117,917273,1491255,84298500,70.0,추정,냉동창고,"냉동창고 24시간 가동, 에너지공단 산업부문 C102 다소비 → 앵커×0.55"
2024,11,충청남도,보령시,C1022,수산물 가공·저장처리업(김·바지락),산업용,14.0,57142.9,1.2946,1035680,828544,1242816,788865,1282495,72497600,70.0,추정,김가공철,김 가공 11~3월 성수기 집중 → 앵커×0.20
2024,11,충청남도,보령시,G4631,수산물 위판장·유통(대천/무창포/오천항),일반용,3.0,28571.4,0.8515,72986,58389,87583,55592,90379,5109000,70.0,추정,냉동창고,경매장 조명·냉장 → 앵커×0.10
2024,12,충청남도,보령시,A0331,육상해수양식업(수조식),농사용(을),12.0,100000.0,1.2223,1466760,1173408,1760112,1117213,1816307,102673200,70.0,추정,추울때물데우기,"넙치앵커×0.35 (보령은 넙치 대형장 부재, 중소규모 수조식 가정)"
2024,12,충청남도,보령시,A0331,해수양식업(축제식·대하/새우),농사용(을),45.0,34285.7,0.9011,1390269,1112215,1668322,1058950,1721587,97318800,70.0,추정,더울때산소공급,"축제식은 수차·산소공급 중심, 수조 순환펌프 없음 → 앵커×0.12"
2024,12,충청남도,보령시,A0333,수산종자생산업,농사용(을),6.0,71428.6,1.2223,523843,419074,628611,399005,648681,36669000,70.0,추정,추울때물데우기,종자장은 가온·여과 부하 상시 → 앵커×0.25
2024,12,충청남도,보령시,A0332,육상등 내수양식업,농사용(을),8.0,22857.1,0.9011,164773,131818,197727,125505,204040,11534080,70.0,추정,더울때산소공급,소규모 내수면 → 앵커×0.08
2024,12,충청남도,보령시,A0311,연근해어업 육상지원설비,일반용,30.0,14285.7,1.0,428571,342857,514286,326438,530705,30000000,70.0,추정,계절변화없음,"어선 주에너지는 면세경유, 전력은 계류·양륙 보조 → 앵커×0.05"
2024,12,충청남도,보령시,A0340,어업관련서비스업(제빙),산업용,4.0,85714.3,0.8576,294034,235227,352841,223962,364106,20582400,70.0,추정,여름얼음만들기,"제빙기 냉동부하, 하절기 집중 → 앵커×0.30"
2024,12,충청남도,보령시,C1021,수산물 냉동·냉장업,산업용,9.0,157142.9,0.6595,932721,746177,1119266,710442,1155000,65290500,70.0,추정,냉동창고,"냉동창고 24시간 가동, 에너지공단 산업부문 C102 다소비 → 앵커×0.55"
2024,12,충청남도,보령시,C1022,수산물 가공·저장처리업(김·바지락),산업용,14.0,57142.9,1.3942,1115360,892288,1338432,849556,1381164,78075200,70.0,추정,김가공철,김 가공 11~3월 성수기 집중 → 앵커×0.20
2024,12,충청남도,보령시,G4631,수산물 위판장·유통(대천/무창포/오천항),일반용,3.0,28571.4,0.6595,56529,45223,67834,43057,70000,3957000,70.0,추정,냉동창고,경매장 조명·냉장 → 앵커×0.10
2025,1,충청남도,보령시,A0331,육상해수양식업(수조식),농사용(을),12.0,100000.0,1.3984,1678080,1342464,2013696,1278173,2077987,117465600,70.0,추정,추울때물데우기,"넙치앵커×0.35 (보령은 넙치 대형장 부재, 중소규모 수조식 가정)"
2025,1,충청남도,보령시,A0331,해수양식업(축제식·대하/새우),농사용(을),45.0,34285.7,0.9011,1390269,1112215,1668322,1058950,1721587,97318800,70.0,추정,더울때산소공급,"축제식은 수차·산소공급 중심, 수조 순환펌프 없음 → 앵커×0.12"
2025,1,충청남도,보령시,A0333,수산종자생산업,농사용(을),6.0,71428.6,1.3984,599314,479451,719177,456490,742138,41952000,70.0,추정,추울때물데우기,종자장은 가온·여과 부하 상시 → 앵커×0.25
2025,1,충청남도,보령시,A0332,육상등 내수양식업,농사용(을),8.0,22857.1,0.9011,164773,131818,197727,125505,204040,11534080,70.0,추정,더울때산소공급,소규모 내수면 → 앵커×0.08
2025,1,충청남도,보령시,A0311,연근해어업 육상지원설비,일반용,30.0,14285.7,1.0,428571,342857,514286,326438,530705,30000000,70.0,추정,계절변화없음,"어선 주에너지는 면세경유, 전력은 계류·양륙 보조 → 앵커×0.05"
2025,1,충청남도,보령시,A0340,어업관련서비스업(제빙),산업용,4.0,85714.3,0.8576,294034,235227,352841,223962,364106,20582400,70.0,추정,여름얼음만들기,"제빙기 냉동부하, 하절기 집중 → 앵커×0.30"
2025,1,충청남도,보령시,C1021,수산물 냉동·냉장업,산업용,9.0,157142.9,0.6025,852107,681686,1022529,649039,1055175,59647500,70.0,추정,냉동창고,"냉동창고 24시간 가동, 에너지공단 산업부문 C102 다소비 → 앵커×0.55"
2025,1,충청남도,보령시,C1022,수산물 가공·저장처리업(김·바지락),산업용,14.0,57142.9,1.444,1155200,924160,1386240,879902,1430498,80864000,70.0,추정,김가공철,김 가공 11~3월 성수기 집중 → 앵커×0.20
2025,1,충청남도,보령시,G4631,수산물 위판장·유통(대천/무창포/오천항),일반용,3.0,28571.4,0.6025,51643,41314,61971,39336,63950,3615000,70.0,추정,냉동창고,경매장 조명·냉장 → 앵커×0.10
2025,2,충청남도,보령시,A0331,육상해수양식업(수조식),농사용(을),12.0,100000.0,1.4236,1708320,1366656,2049984,1301206,2115434,119582400,70.0,추정,추울때물데우기,"넙치앵커×0.35 (보령은 넙치 대형장 부재, 중소규모 수조식 가정)"
2025,2,충청남도,보령시,A0331,해수양식업(축제식·대하/새우),농사용(을),45.0,34285.7,0.9011,1390269,1112215,1668322,1058950,1721587,97318800,70.0,추정,더울때산소공급,"축제식은 수차·산소공급 중심, 수조 순환펌프 없음 → 앵커×0.12"
2025,2,충청남도,보령시,A0333,수산종자생산업,농사용(을),6.0,71428.6,1.4236,610114,488091,732137,464717,755512,42708000,70.0,추정,추울때물데우기,종자장은 가온·여과 부하 상시 → 앵커×0.25
2025,2,충청남도,보령시,A0332,육상등 내수양식업,농사용(을),8.0,22857.1,0.9011,164773,131818,197727,125505,204040,11534080,70.0,추정,더울때산소공급,소규모 내수면 → 앵커×0.08
2025,2,충청남도,보령시,A0311,연근해어업 육상지원설비,일반용,30.0,14285.7,1.0,428571,342857,514286,326438,530705,30000000,70.0,추정,계절변화없음,"어선 주에너지는 면세경유, 전력은 계류·양륙 보조 → 앵커×0.05"
2025,2,충청남도,보령시,A0340,어업관련서비스업(제빙),산업용,4.0,85714.3,0.8576,294034,235227,352841,223962,364106,20582400,70.0,추정,여름얼음만들기,"제빙기 냉동부하, 하절기 집중 → 앵커×0.30"
2025,2,충청남도,보령시,C1021,수산물 냉동·냉장업,산업용,9.0,157142.9,0.6565,928479,742783,1114174,707211,1149746,64993500,70.0,추정,냉동창고,"냉동창고 24시간 가동, 에너지공단 산업부문 C102 다소비 → 앵커×0.55"
2025,2,충청남도,보령시,C1022,수산물 가공·저장처리업(김·바지락),산업용,14.0,57142.9,1.3942,1115360,892288,1338432,849556,1381164,78075200,70.0,추정,김가공철,김 가공 11~3월 성수기 집중 → 앵커×0.20
2025,2,충청남도,보령시,G4631,수산물 위판장·유통(대천/무창포/오천항),일반용,3.0,28571.4,0.6565,56271,45017,67526,42861,69682,3939000,70.0,추정,냉동창고,경매장 조명·냉장 → 앵커×0.10
2025,3,충청남도,보령시,A0331,육상해수양식업(수조식),농사용(을),12.0,100000.0,1.3229,1587480,1269984,1904976,1209164,1965796,111123600,70.0,추정,추울때물데우기,"넙치앵커×0.35 (보령은 넙치 대형장 부재, 중소규모 수조식 가정)"
2025,3,충청남도,보령시,A0331,해수양식업(축제식·대하/새우),농사용(을),45.0,34285.7,0.9011,1390269,1112215,1668322,1058950,1721587,97318800,70.0,추정,더울때산소공급,"축제식은 수차·산소공급 중심, 수조 순환펌프 없음 → 앵커×0.12"
2025,3,충청남도,보령시,A0333,수산종자생산업,농사용(을),6.0,71428.6,1.3229,566957,453566,680349,431844,702070,39687000,70.0,추정,추울때물데우기,종자장은 가온·여과 부하 상시 → 앵커×0.25
2025,3,충청남도,보령시,A0332,육상등 내수양식업,농사용(을),8.0,22857.1,0.9011,164773,131818,197727,125505,204040,11534080,70.0,추정,더울때산소공급,소규모 내수면 → 앵커×0.08
2025,3,충청남도,보령시,A0311,연근해어업 육상지원설비,일반용,30.0,14285.7,1.0,428571,342857,514286,326438,530705,30000000,70.0,추정,계절변화없음,"어선 주에너지는 면세경유, 전력은 계류·양륙 보조 → 앵커×0.05"
2025,3,충청남도,보령시,A0340,어업관련서비스업(제빙),산업용,4.0,85714.3,0.8576,294034,235227,352841,223962,364106,20582400,70.0,추정,여름얼음만들기,"제빙기 냉동부하, 하절기 집중 → 앵커×0.30"
2025,3,충청남도,보령시,C1021,수산물 냉동·냉장업,산업용,9.0,157142.9,0.8005,1132136,905709,1358563,862334,1401938,79249500,70.0,추정,냉동창고,"냉동창고 24시간 가동, 에너지공단 산업부문 C102 다소비 → 앵커×0.55"
2025,3,충청남도,보령시,C1022,수산물 가공·저장처리업(김·바지락),산업용,14.0,57142.9,1.2448,995840,796672,1195008,758519,1233161,69708800,70.0,추정,김가공철,김 가공 11~3월 성수기 집중 → 앵커×0.20
2025,3,충청남도,보령시,G4631,수산물 위판장·유통(대천/무창포/오천항),일반용,3.0,28571.4,0.8005,68614,54891,82337,52263,84966,4803000,70.0,추정,냉동창고,경매장 조명·냉장 → 앵커×0.10
2025,4,충청남도,보령시,A0331,육상해수양식업(수조식),농사용(을),12.0,100000.0,1.1468,1376160,1100928,1651392,1048204,1704116,96331200,70.0,추정,추울때물데우기,"넙치앵커×0.35 (보령은 넙치 대형장 부재, 중소규모 수조식 가정)"
2025,4,충청남도,보령시,A0331,해수양식업(축제식·대하/새우),농사용(을),45.0,34285.7,0.9011,1390269,1112215,1668322,1058950,1721587,97318800,70.0,추정,더울때산소공급,"축제식은 수차·산소공급 중심, 수조 순환펌프 없음 → 앵커×0.12"
2025,4,충청남도,보령시,A0333,수산종자생산업,농사용(을),6.0,71428.6,1.1468,491486,393189,589783,374359,608613,34404000,70.0,추정,추울때물데우기,종자장은 가온·여과 부하 상시 → 앵커×0.25
2025,4,충청남도,보령시,A0332,육상등 내수양식업,농사용(을),8.0,22857.1,0.9011,164773,131818,197727,125505,204040,11534080,70.0,추정,더울때산소공급,소규모 내수면 → 앵커×0.08
2025,4,충청남도,보령시,A0311,연근해어업 육상지원설비,일반용,30.0,14285.7,1.0,428571,342857,514286,326438,530705,30000000,70.0,추정,계절변화없음,"어선 주에너지는 면세경유, 전력은 계류·양륙 보조 → 앵커×0.05"
2025,4,충청남도,보령시,A0340,어업관련서비스업(제빙),산업용,4.0,85714.3,0.8576,294034,235227,352841,223962,364106,20582400,70.0,추정,여름얼음만들기,"제빙기 냉동부하, 하절기 집중 → 앵커×0.30"
2025,4,충청남도,보령시,C1021,수산물 냉동·냉장업,산업용,9.0,157142.9,0.9715,1373979,1099183,1648774,1046542,1701415,96178500,70.0,추정,냉동창고,"냉동창고 24시간 가동, 에너지공단 산업부문 C102 다소비 → 앵커×0.55"
2025,4,충청남도,보령시,C1022,수산물 가공·저장처리업(김·바지락),산업용,14.0,57142.9,0.8465,677200,541760,812640,515815,838585,47404000,70.0,추정,김가공철,김 가공 11~3월 성수기 집중 → 앵커×0.20
2025,4,충청남도,보령시,G4631,수산물 위판장·유통(대천/무창포/오천항),일반용,3.0,28571.4,0.9715,83271,66617,99926,63427,103116,5829000,70.0,추정,냉동창고,경매장 조명·냉장 → 앵커×0.10
2025,5,충청남도,보령시,A0331,육상해수양식업(수조식),농사용(을),12.0,100000.0,0.9203,1104360,883488,1325232,841177,1367543,77305200,70.0,추정,추울때물데우기,"넙치앵커×0.35 (보령은 넙치 대형장 부재, 중소규모 수조식 가정)"
2025,5,충청남도,보령시,A0331,해수양식업(축제식·대하/새우),농사용(을),45.0,34285.7,0.9011,1390269,1112215,1668322,1058950,1721587,97318800,70.0,추정,더울때산소공급,"축제식은 수차·산소공급 중심, 수조 순환펌프 없음 → 앵커×0.12"
2025,5,충청남도,보령시,A0333,수산종자생산업,농사용(을),6.0,71428.6,0.9203,394414,315531,473297,300420,488408,27609000,70.0,추정,추울때물데우기,종자장은 가온·여과 부하 상시 → 앵커×0.25
2025,5,충청남도,보령시,A0332,육상등 내수양식업,농사용(을),8.0,22857.1,0.9011,164773,131818,197727,125505,204040,11534080,70.0,추정,더울때산소공급,소규모 내수면 → 앵커×0.08
2025,5,충청남도,보령시,A0311,연근해어업 육상지원설비,일반용,30.0,14285.7,1.0,428571,342857,514286,326438,530705,30000000,70.0,추정,계절변화없음,"어선 주에너지는 면세경유, 전력은 계류·양륙 보조 → 앵커×0.05"
2025,5,충청남도,보령시,A0340,어업관련서비스업(제빙),산업용,4.0,85714.3,0.9451,324034,259227,388841,246813,401256,22682400,70.0,추정,여름얼음만들기,"제빙기 냉동부하, 하절기 집중 → 앵커×0.30"
2025,5,충청남도,보령시,C1021,수산물 냉동·냉장업,산업용,9.0,157142.9,1.1305,1598850,1279080,1918620,1217824,1979876,111919500,70.0,추정,냉동창고,"냉동창고 24시간 가동, 에너지공단 산업부문 C102 다소비 → 앵커×0.55"
2025,5,충청남도,보령시,C1022,수산물 가공·저장처리업(김·바지락),산업용,14.0,57142.9,0.6971,557680,446144,669216,424778,690582,39037600,70.0,추정,김가공철,김 가공 11~3월 성수기 집중 → 앵커×0.20
2025,5,충청남도,보령시,G4631,수산물 위판장·유통(대천/무창포/오천항),일반용,3.0,28571.4,1.1305,96900,77520,116280,73808,119992,6783000,70.0,추정,냉동창고,경매장 조명·냉장 → 앵커×0.10
2025,6,충청남도,보령시,A0331,육상해수양식업(수조식),농사용(을),12.0,100000.0,0.719,862800,690240,1035360,657184,1068416,60396000,70.0,추정,추울때물데우기,"넙치앵커×0.35 (보령은 넙치 대형장 부재, 중소규모 수조식 가정)"
2025,6,충청남도,보령시,A0331,해수양식업(축제식·대하/새우),농사용(을),45.0,34285.7,0.9394,1449360,1159488,1739232,1103960,1794760,101455200,70.0,추정,더울때산소공급,"축제식은 수차·산소공급 중심, 수조 순환펌프 없음 → 앵커×0.12"
2025,6,충청남도,보령시,A0333,수산종자생산업,농사용(을),6.0,71428.6,0.719,308143,246514,369771,234709,381577,21570000,70.0,추정,추울때물데우기,종자장은 가온·여과 부하 상시 → 앵커×0.25
2025,6,충청남도,보령시,A0332,육상등 내수양식업,농사용(을),8.0,22857.1,0.9394,171776,137421,206131,130840,212712,12024320,70.0,추정,더울때산소공급,소규모 내수면 → 앵커×0.08
2025,6,충청남도,보령시,A0311,연근해어업 육상지원설비,일반용,30.0,14285.7,1.0,428571,342857,514286,326438,530705,30000000,70.0,추정,계절변화없음,"어선 주에너지는 면세경유, 전력은 계류·양륙 보조 → 앵커×0.05"
2025,6,충청남도,보령시,A0340,어업관련서비스업(제빙),산업용,4.0,85714.3,1.1612,398126,318501,477751,303247,493004,27868800,70.0,추정,여름얼음만들기,"제빙기 냉동부하, 하절기 집중 → 앵커×0.30"
2025,6,충청남도,보령시,C1021,수산물 냉동·냉장업,산업용,9.0,157142.9,1.2565,1777050,1421640,2132460,1353557,2200543,124393500,70.0,추정,냉동창고,"냉동창고 24시간 가동, 에너지공단 산업부문 C102 다소비 → 앵커×0.55"
2025,6,충청남도,보령시,C1022,수산물 가공·저장처리업(김·바지락),산업용,14.0,57142.9,0.5975,478000,382400,573600,364087,591913,33460000,70.0,추정,김가공철,김 가공 11~3월 성수기 집중 → 앵커×0.20
2025,6,충청남도,보령시,G4631,수산물 위판장·유통(대천/무창포/오천항),일반용,3.0,28571.4,1.2565,107700,86160,129240,82034,133366,7539000,70.0,추정,냉동창고,경매장 조명·냉장 → 앵커×0.10
2025,7,충청남도,보령시,A0331,육상해수양식업(수조식),농사용(을),12.0,100000.0,0.719,862800,690240,1035360,657184,1068416,60396000,70.0,추정,추울때물데우기,"넙치앵커×0.35 (보령은 넙치 대형장 부재, 중소규모 수조식 가정)"
2025,7,충청남도,보령시,A0331,해수양식업(축제식·대하/새우),농사용(을),45.0,34285.7,1.2457,1921937,1537550,2306325,1463916,2379959,134535600,70.0,추정,더울때산소공급,"축제식은 수차·산소공급 중심, 수조 순환펌프 없음 → 앵커×0.12"
2025,7,충청남도,보령시,A0333,수산종자생산업,농사용(을),6.0,71428.6,0.719,308143,246514,369771,234709,381577,21570000,70.0,추정,추울때물데우기,종자장은 가온·여과 부하 상시 → 앵커×0.25
2025,7,충청남도,보령시,A0332,육상등 내수양식업,농사용(을),8.0,22857.1,1.2457,227785,182228,273342,173501,282069,15944960,70.0,추정,더울때산소공급,소규모 내수면 → 앵커×0.08
2025,7,충청남도,보령시,A0311,연근해어업 육상지원설비,일반용,30.0,14285.7,1.0,428571,342857,514286,326438,530705,30000000,70.0,추정,계절변화없음,"어선 주에너지는 면세경유, 전력은 계류·양륙 보조 → 앵커×0.05"
2025,7,충청남도,보령시,A0340,어업관련서비스업(제빙),산업용,4.0,85714.3,1.3413,459874,367899,551849,350281,569468,32191200,70.0,추정,여름얼음만들기,"제빙기 냉동부하, 하절기 집중 → 앵커×0.30"
2025,7,충청남도,보령시,C1021,수산물 냉동·냉장업,산업용,9.0,157142.9,1.3615,1925550,1540440,2310660,1466668,2384432,134788500,70.0,추정,냉동창고,"냉동창고 24시간 가동, 에너지공단 산업부문 C102 다소비 → 앵커×0.55"
2025,7,충청남도,보령시,C1022,수산물 가공·저장처리업(김·바지락),산업용,14.0,57142.9,0.5975,478000,382400,573600,364087,591913,33460000,70.0,추정,김가공철,김 가공 11~3월 성수기 집중 → 앵커×0.20
2025,7,충청남도,보령시,G4631,수산물 위판장·유통(대천/무창포/오천항),일반용,3.0,28571.4,1.3615,116700,93360,140040,88889,144511,8169000,70.0,추정,냉동창고,경매장 조명·냉장 → 앵커×0.10
2025,8,충청남도,보령시,A0331,육상해수양식업(수조식),농사용(을),12.0,100000.0,0.719,862800,690240,1035360,657184,1068416,60396000,70.0,추정,추울때물데우기,"넙치앵커×0.35 (보령은 넙치 대형장 부재, 중소규모 수조식 가정)"
2025,8,충청남도,보령시,A0331,해수양식업(축제식·대하/새우),농사용(을),45.0,34285.7,1.3989,2158303,1726642,2589963,1643953,2672653,151081200,70.0,추정,더울때산소공급,"축제식은 수차·산소공급 중심, 수조 순환펌프 없음 → 앵커×0.12"
2025,8,충청남도,보령시,A0333,수산종자생산업,농사용(을),6.0,71428.6,0.719,308143,246514,369771,234709,381577,21570000,70.0,추정,추울때물데우기,종자장은 가온·여과 부하 상시 → 앵커×0.25
2025,8,충청남도,보령시,A0332,육상등 내수양식업,농사용(을),8.0,22857.1,1.3989,255799,204639,306959,194839,316759,17905920,70.0,추정,더울때산소공급,소규모 내수면 → 앵커×0.08
2025,8,충청남도,보령시,A0311,연근해어업 육상지원설비,일반용,30.0,14285.7,1.0,428571,342857,514286,326438,530705,30000000,70.0,추정,계절변화없음,"어선 주에너지는 면세경유, 전력은 계류·양륙 보조 → 앵커×0.05"
2025,8,충청남도,보령시,A0340,어업관련서비스업(제빙),산업용,4.0,85714.3,1.3877,475783,380626,570939,362398,589168,33304800,70.0,추정,여름얼음만들기,"제빙기 냉동부하, 하절기 집중 → 앵커×0.30"
2025,8,충청남도,보령시,C1021,수산물 냉동·냉장업,산업용,9.0,157142.9,1.3885,1963736,1570989,2356483,1495753,2431718,137461500,70.0,추정,냉동창고,"냉동창고 24시간 가동, 에너지공단 산업부문 C102 다소비 → 앵커×0.55"
2025,8,충청남도,보령시,C1022,수산물 가공·저장처리업(김·바지락),산업용,14.0,57142.9,0.6473,517840,414272,621408,394432,641248,36248800,70.0,추정,김가공철,김 가공 11~3월 성수기 집중 → 앵커×0.20
2025,8,충청남도,보령시,G4631,수산물 위판장·유통(대천/무창포/오천항),일반용,3.0,28571.4,1.3885,119014,95211,142817,90652,147377,8331000,70.0,추정,냉동창고,경매장 조명·냉장 → 앵커×0.10
2025,9,충청남도,보령시,A0331,육상해수양식업(수조식),농사용(을),12.0,100000.0,0.719,862800,690240,1035360,657184,1068416,60396000,70.0,추정,추울때물데우기,"넙치앵커×0.35 (보령은 넙치 대형장 부재, 중소규모 수조식 가정)"
2025,9,충청남도,보령시,A0331,해수양식업(축제식·대하/새우),농사용(을),45.0,34285.7,1.2074,1862846,1490277,2235415,1418907,2306785,130399200,70.0,추정,더울때산소공급,"축제식은 수차·산소공급 중심, 수조 순환펌프 없음 → 앵커×0.12"
2025,9,충청남도,보령시,A0333,수산종자생산업,농사용(을),6.0,71428.6,0.719,308143,246514,369771,234709,381577,21570000,70.0,추정,추울때물데우기,종자장은 가온·여과 부하 상시 → 앵커×0.25
2025,9,충청남도,보령시,A0332,육상등 내수양식업,농사용(을),8.0,22857.1,1.2074,220782,176625,264938,168167,273397,15454720,70.0,추정,더울때산소공급,소규모 내수면 → 앵커×0.08
2025,9,충청남도,보령시,A0311,연근해어업 육상지원설비,일반용,30.0,14285.7,1.0,428571,342857,514286,326438,530705,30000000,70.0,추정,계절변화없음,"어선 주에너지는 면세경유, 전력은 계류·양륙 보조 → 앵커×0.05"
2025,9,충청남도,보령시,A0340,어업관련서비스업(제빙),산업용,4.0,85714.3,1.1612,398126,318501,477751,303247,493004,27868800,70.0,추정,여름얼음만들기,"제빙기 냉동부하, 하절기 집중 → 앵커×0.30"
2025,9,충청남도,보령시,C1021,수산물 냉동·냉장업,산업용,9.0,157142.9,1.2565,1777050,1421640,2132460,1353557,2200543,124393500,70.0,추정,냉동창고,"냉동창고 24시간 가동, 에너지공단 산업부문 C102 다소비 → 앵커×0.55"
2025,9,충청남도,보령시,C1022,수산물 가공·저장처리업(김·바지락),산업용,14.0,57142.9,0.7967,637360,509888,764832,485469,789251,44615200,70.0,추정,김가공철,김 가공 11~3월 성수기 집중 → 앵커×0.20
2025,9,충청남도,보령시,G4631,수산물 위판장·유통(대천/무창포/오천항),일반용,3.0,28571.4,1.2565,107700,86160,129240,82034,133366,7539000,70.0,추정,냉동창고,경매장 조명·냉장 → 앵커×0.10
2025,10,충청남도,보령시,A0331,육상해수양식업(수조식),농사용(을),12.0,100000.0,0.719,862800,690240,1035360,657184,1068416,60396000,70.0,추정,추울때물데우기,"넙치앵커×0.35 (보령은 넙치 대형장 부재, 중소규모 수조식 가정)"
2025,10,충청남도,보령시,A0331,해수양식업(축제식·대하/새우),농사용(을),45.0,34285.7,0.9011,1390269,1112215,1668322,1058950,1721587,97318800,70.0,추정,더울때산소공급,"축제식은 수차·산소공급 중심, 수조 순환펌프 없음 → 앵커×0.12"
2025,10,충청남도,보령시,A0333,수산종자생산업,농사용(을),6.0,71428.6,0.719,308143,246514,369771,234709,381577,21570000,70.0,추정,추울때물데우기,종자장은 가온·여과 부하 상시 → 앵커×0.25
2025,10,충청남도,보령시,A0332,육상등 내수양식업,농사용(을),8.0,22857.1,0.9011,164773,131818,197727,125505,204040,11534080,70.0,추정,더울때산소공급,소규모 내수면 → 앵커×0.08
2025,10,충청남도,보령시,A0311,연근해어업 육상지원설비,일반용,30.0,14285.7,1.0,428571,342857,514286,326438,530705,30000000,70.0,추정,계절변화없음,"어선 주에너지는 면세경유, 전력은 계류·양륙 보조 → 앵커×0.05"
2025,10,충청남도,보령시,A0340,어업관련서비스업(제빙),산업용,4.0,85714.3,0.8576,294034,235227,352841,223962,364106,20582400,70.0,추정,여름얼음만들기,"제빙기 냉동부하, 하절기 집중 → 앵커×0.30"
2025,10,충청남도,보령시,C1021,수산물 냉동·냉장업,산업용,9.0,157142.9,1.0645,1505507,1204406,1806609,1146726,1864288,105385500,70.0,추정,냉동창고,"냉동창고 24시간 가동, 에너지공단 산업부문 C102 다소비 → 앵커×0.55"
2025,10,충청남도,보령시,C1022,수산물 가공·저장처리업(김·바지락),산업용,14.0,57142.9,1.0456,836480,669184,1003776,637136,1035824,58553600,70.0,추정,김가공철,김 가공 11~3월 성수기 집중 → 앵커×0.20
2025,10,충청남도,보령시,G4631,수산물 위판장·유통(대천/무창포/오천항),일반용,3.0,28571.4,1.0645,91243,72994,109491,69499,112987,6387000,70.0,추정,냉동창고,경매장 조명·냉장 → 앵커×0.10
2025,11,충청남도,보령시,A0331,육상해수양식업(수조식),농사용(을),12.0,100000.0,0.9706,1164720,931776,1397664,887153,1442287,81530400,70.0,추정,추울때물데우기,"넙치앵커×0.35 (보령은 넙치 대형장 부재, 중소규모 수조식 가정)"
2025,11,충청남도,보령시,A0331,해수양식업(축제식·대하/새우),농사용(을),45.0,34285.7,0.9011,1390269,1112215,1668322,1058950,1721587,97318800,70.0,추정,더울때산소공급,"축제식은 수차·산소공급 중심, 수조 순환펌프 없음 → 앵커×0.12"
2025,11,충청남도,보령시,A0333,수산종자생산업,농사용(을),6.0,71428.6,0.9706,415971,332777,499166,316840,515103,29118000,70.0,추정,추울때물데우기,종자장은 가온·여과 부하 상시 → 앵커×0.25
2025,11,충청남도,보령시,A0332,육상등 내수양식업,농사용(을),8.0,22857.1,0.9011,164773,131818,197727,125505,204040,11534080,70.0,추정,더울때산소공급,소규모 내수면 → 앵커×0.08
2025,11,충청남도,보령시,A0311,연근해어업 육상지원설비,일반용,30.0,14285.7,1.0,428571,342857,514286,326438,530705,30000000,70.0,추정,계절변화없음,"어선 주에너지는 면세경유, 전력은 계류·양륙 보조 → 앵커×0.05"
2025,11,충청남도,보령시,A0340,어업관련서비스업(제빙),산업용,4.0,85714.3,0.8576,294034,235227,352841,223962,364106,20582400,70.0,추정,여름얼음만들기,"제빙기 냉동부하, 하절기 집중 → 앵커×0.30"
2025,11,충청남도,보령시,C1021,수산물 냉동·냉장업,산업용,9.0,157142.9,0.8515,1204264,963411,1445117,917273,1491255,84298500,70.0,추정,냉동창고,"냉동창고 24시간 가동, 에너지공단 산업부문 C102 다소비 → 앵커×0.55"
2025,11,충청남도,보령시,C1022,수산물 가공·저장처리업(김·바지락),산업용,14.0,57142.9,1.2946,1035680,828544,1242816,788865,1282495,72497600,70.0,추정,김가공철,김 가공 11~3월 성수기 집중 → 앵커×0.20
2025,11,충청남도,보령시,G4631,수산물 위판장·유통(대천/무창포/오천항),일반용,3.0,28571.4,0.8515,72986,58389,87583,55592,90379,5109000,70.0,추정,냉동창고,경매장 조명·냉장 → 앵커×0.10
2025,12,충청남도,보령시,A0331,육상해수양식업(수조식),농사용(을),12.0,100000.0,1.2223,1466760,1173408,1760112,1117213,1816307,102673200,70.0,추정,추울때물데우기,"넙치앵커×0.35 (보령은 넙치 대형장 부재, 중소규모 수조식 가정)"
2025,12,충청남도,보령시,A0331,해수양식업(축제식·대하/새우),농사용(을),45.0,34285.7,0.9011,1390269,1112215,1668322,1058950,1721587,97318800,70.0,추정,더울때산소공급,"축제식은 수차·산소공급 중심, 수조 순환펌프 없음 → 앵커×0.12"
2025,12,충청남도,보령시,A0333,수산종자생산업,농사용(을),6.0,71428.6,1.2223,523843,419074,628611,399005,648681,36669000,70.0,추정,추울때물데우기,종자장은 가온·여과 부하 상시 → 앵커×0.25
2025,12,충청남도,보령시,A0332,육상등 내수양식업,농사용(을),8.0,22857.1,0.9011,164773,131818,197727,125505,204040,11534080,70.0,추정,더울때산소공급,소규모 내수면 → 앵커×0.08
2025,12,충청남도,보령시,A0311,연근해어업 육상지원설비,일반용,30.0,14285.7,1.0,428571,342857,514286,326438,530705,30000000,70.0,추정,계절변화없음,"어선 주에너지는 면세경유, 전력은 계류·양륙 보조 → 앵커×0.05"
2025,12,충청남도,보령시,A0340,어업관련서비스업(제빙),산업용,4.0,85714.3,0.8576,294034,235227,352841,223962,364106,20582400,70.0,추정,여름얼음만들기,"제빙기 냉동부하, 하절기 집중 → 앵커×0.30"
2025,12,충청남도,보령시,C1021,수산물 냉동·냉장업,산업용,9.0,157142.9,0.6595,932721,746177,1119266,710442,1155000,65290500,70.0,추정,냉동창고,"냉동창고 24시간 가동, 에너지공단 산업부문 C102 다소비 → 앵커×0.55"
2025,12,충청남도,보령시,C1022,수산물 가공·저장처리업(김·바지락),산업용,14.0,57142.9,1.3942,1115360,892288,1338432,849556,1381164,78075200,70.0,추정,김가공철,김 가공 11~3월 성수기 집중 → 앵커×0.20
2025,12,충청남도,보령시,G4631,수산물 위판장·유통(대천/무창포/오천항),일반용,3.0,28571.4,0.6595,56529,45223,67834,43057,70000,3957000,70.0,추정,냉동창고,경매장 조명·냉장 → 앵커×0.10
