adm_cd,adm_nm,tot_ppltn,tot_house,avg_age,ppltn_dnsty,oldage_suprt_per,aged_child_idx,juv_suprt_per,adm_nm_bus,정류장수,노선수,총승차,총하차
11010530,사직동,8377,2559.0,46.4,7236.1,29.4,263.4,11.2,서울특별시 종로구 사직동,28,52,844447.0,904781.0
11010540,삼청동,2115,652.0,49.1,1431.8,40.2,378.5,10.6,서울특별시 종로구 삼청동,13,15,143713.0,156931.0
11010550,부암동,9136,2960.0,45.4,4018.9,27.8,267.2,10.4,서울특별시 종로구 부암동,33,14,237257.0,230545.0
11010560,평창동,16475,5523.0,46.7,1842.8,32.5,238.8,13.6,서울특별시 종로구 평창동,55,12,247902.0,232621.0
11010570,무악동,7557,2817.0,44.5,20466.1,28.0,148.9,18.8,서울특별시 종로구 무악동,3,4,19438.0,30573.0
11010580,교남동,9371,3690.0,43.5,27031.7,24.7,153.5,16.1,서울특별시 종로구 교남동,22,33,388074.0,305218.0
11010600,가회동,3824,1346.0,45.4,7086.7,28.7,281.1,10.2,서울특별시 종로구 가회동,22,2,77905.0,80635.0
11010610,종로1·2·3·4가동,6901,1523.0,46.7,2858.5,29.4,562.3,5.2,서울특별시 종로구 종로1·2·3·4가동,53,59,2036434.0,1862926.0
11010630,종로5·6가동,5927,1455.0,42.3,9833.9,20.3,405.5,5.0,서울특별시 종로구 종로5·6가동,15,43,342294.0,326473.0
11010640,이화동,8004,2515.0,41.7,10237.8,20.1,449.0,4.5,서울특별시 종로구 이화동,20,29,485238.0,508734.0
11010670,창신1동,5294,1532.0,47.8,17362.2,29.5,621.4,4.7,서울특별시 종로구 창신1동,8,26,335085.0,336096.0
11010680,창신2동,8761,2426.0,47.6,34047.0,28.7,574.6,5.0,서울특별시 종로구 창신2동,1,1,5274.0,10176.0
11010690,창신3동,6286,2149.0,46.1,29011.6,27.9,278.9,10.0,서울특별시 종로구 창신3동,6,2,42908.0,18525.0
11010700,숭인1동,5937,1598.0,46.9,24818.6,28.4,353.1,8.0,서울특별시 종로구 숭인1동,12,23,190407.0,135004.0
11010710,숭인2동,10244,3294.0,43.0,29132.0,20.4,528.0,3.9,서울특별시 종로구 숭인2동,6,28,184990.0,210873.0
11010720,청운효자동,10742,3767.0,44.8,4182.1,27.5,200.2,13.7,서울특별시 종로구 청운효자동,26,10,264700.0,269035.0
11010730,혜화동,21228,5075.0,37.3,18757.6,14.5,275.2,5.3,서울특별시 종로구 혜화동,37,27,585595.0,564972.0
11020520,소공동,2717,737.0,37.9,2881.0,10.9,102.5,10.6,서울특별시 중구 소공동,24,73,1130862.0,1065692.0
11020540,회현동,4294,1494.0,50.0,4786.2,41.8,498.3,8.4,서울특별시 중구 회현동,27,70,920163.0,1009141.0
11020550,명동,2656,570.0,48.7,2741.3,36.1,625.9,5.8,서울특별시 중구 명동,18,61,745232.0,678720.0
11020570,필동,5562,1164.0,39.4,3800.3,18.7,395.8,4.7,서울특별시 중구 필동,8,14,367860.0,294834.0
11020580,장충동,6058,2448.0,39.3,5956.6,18.0,358.1,5.0,서울특별시 중구 장충동,9,7,150207.0,147821.0
11020590,광희동,7047,2291.0,41.9,9566.3,19.2,499.1,3.8,서울특별시 중구 광희동,15,26,455280.0,440462.0
11020600,을지로동,3272,1161.0,41.2,5353.5,15.5,246.2,6.3,서울특별시 중구 을지로동,14,12,152131.0,178951.0
11020650,신당5동,10182,3369.0,44.7,31883.7,24.4,274.4,8.9,서울특별시 중구 신당5동,8,13,192840.0,167659.0
11020670,황학동,13507,3742.0,42.5,41130.8,20.1,232.2,8.7,서울특별시 중구 황학동,6,13,135333.0,114426.0
11020680,중림동,11680,4117.0,43.9,24135.7,24.9,168.2,14.8,서울특별시 중구 중림동,8,14,138292.0,106053.0
11020690,신당동,9293,2310.0,44.2,17385.1,21.6,457.6,4.7,서울특별시 중구 신당동,8,15,143403.0,134839.0
11020700,다산동,13342,4521.0,45.9,25475.9,28.7,377.0,7.6,서울특별시 중구 다산동,9,8,150003.0,154775.0
11020710,약수동,15533,6543.0,48.4,31969.7,38.7,336.0,11.5,서울특별시 중구 약수동,11,10,109080.0,114797.0
11020720,청구동,12695,4833.0,46.6,37086.0,31.5,308.3,10.2,서울특별시 중구 청구동,3,6,76816.0,51693.0
11020730,동화동,9738,3139.0,45.9,29798.2,29.2,224.0,13.0,서울특별시 중구 동화동,6,6,48514.0,66566.0
11030510,후암동,15664,5231.0,44.8,18103.0,25.5,248.1,10.3,서울특별시 용산구 후암동,17,8,207245.0,208986.0
11030520,용산2가동,9715,2992.0,45.2,4931.2,27.3,436.0,6.3,서울특별시 용산구 용산2가동,26,15,346675.0,345806.0
11030530,남영동,6895,1682.0,47.9,5858.6,27.4,617.2,4.4,서울특별시 용산구 남영동,18,30,640933.0,595289.0
11030570,원효로2동,13039,4805.0,44.3,18405.0,25.1,211.5,11.9,서울특별시 용산구 원효로2동,21,9,175915.0,159583.0
11030580,효창동,10375,3870.0,42.4,23268.9,20.3,151.8,13.3,서울특별시 용산구 효창동,16,8,153615.0,150818.0
11030590,용문동,11081,4265.0,45.1,39956.7,27.5,250.1,11.0,서울특별시 용산구 용문동,18,4,82563.0,83793.0
11030630,이촌1동,23333,8556.0,43.7,8128.2,27.4,127.1,21.5,서울특별시 용산구 이촌1동,13,18,201994.0,194904.0
11030640,이촌2동,7388,3179.0,47.4,6132.9,34.1,307.8,11.1,서울특별시 용산구 이촌2동,7,18,76509.0,46193.0
11030650,이태원1동,7479,1974.0,43.8,12841.5,22.2,353.6,6.3,서울특별시 용산구 이태원1동,13,14,186296.0,171531.0
11030660,이태원2동,9112,2829.0,43.9,10431.2,24.4,261.3,9.3,서울특별시 용산구 이태원2동,20,8,137208.0,173834.0
11030690,서빙고동,11726,3953.0,44.4,4165.4,24.5,167.9,14.6,서울특별시 용산구 서빙고동,20,13,234781.0,227817.0
11030700,보광동,12987,3259.0,46.5,18172.4,26.9,444.9,6.0,서울특별시 용산구 보광동,9,6,96776.0,94563.0
11030710,청파동,19834,6129.0,42.4,22398.0,20.0,371.8,5.4,서울특별시 용산구 청파동,26,11,266452.0,313292.0
11030720,원효로1동,16714,6108.0,40.1,28395.3,15.1,129.8,11.6,서울특별시 용산구 원효로1동,23,16,278422.0,271700.0
11030730,한강로동,20824,7125.0,42.7,7261.6,19.7,173.3,11.4,서울특별시 용산구 한강로동,41,29,1010257.0,997517.0
11030740,한남동,18625,6718.0,45.1,6147.7,25.5,228.9,11.2,서울특별시 용산구 한남동,28,24,829709.0,772362.0
11040520,왕십리2동,16103,5134.0,43.2,43257.5,22.7,177.8,12.8,서울특별시 성동구 왕십리2동,11,13,86801.0,95663.0
11040540,마장동,21633,6571.0,43.8,20918.5,25.0,264.5,9.4,서울특별시 성동구 마장동,27,13,194006.0,219757.0
11040550,사근동,15965,3202.0,34.6,13660.9,11.1,300.8,3.7,서울특별시 성동구 사근동,39,11,179635.0,161927.0
11040560,행당1동,13472,4518.0,42.7,23506.0,21.8,177.0,12.3,서울특별시 성동구 행당1동,26,22,461623.0,406910.0
11040570,행당2동,21965,8341.0,44.2,48029.6,25.9,172.9,15.0,서울특별시 성동구 행당2동,24,13,195819.0,173642.0
11040580,응봉동,14295,5219.0,43.7,25842.2,25.2,157.5,16.0,서울특별시 성동구 응봉동,27,9,117560.0,129599.0
11040590,금호1가동,14198,5800.0,44.7,31898.7,27.7,179.5,15.4,서울특별시 성동구 금호1가동,34,7,89649.0,113253.0
11040620,금호4가동,13611,5171.0,44.2,16375.3,27.0,162.5,16.6,서울특별시 성동구 금호4가동,25,15,199319.0,175010.0
11040650,성수1가1동,15084,4799.0,44.0,8004.5,20.5,203.3,10.1,서울특별시 성동구 성수1가1동,29,10,179345.0,157162.0
11040660,성수1가2동,11942,3432.0,43.5,12849.4,22.3,221.5,10.0,서울특별시 성동구 성수1가2동,12,10,129965.0,138314.0
11040670,성수2가1동,14856,4151.0,46.7,12546.7,27.5,339.9,8.1,서울특별시 성동구 성수2가1동,30,13,209036.0,170930.0
11040680,성수2가3동,10141,2874.0,44.8,9624.2,25.2,292.8,8.6,서울특별시 성동구 성수2가3동,18,16,213870.0,204443.0
11040690,송정동,10071,2346.0,45.5,14780.0,25.6,329.5,7.8,서울특별시 성동구 송정동,14,8,100749.0,77962.0
11040700,용답동,13091,2409.0,44.3,5511.2,23.9,491.5,4.9,서울특별시 성동구 용답동,12,14,241308.0,269559.0
11040710,왕십리도선동,26063,8432.0,42.7,36721.5,22.2,153.4,14.5,서울특별시 성동구 왕십리도선동,27,21,313967.0,378239.0
11040720,금호2·3가동,21262,7309.0,44.4,33710.7,25.9,191.5,13.5,서울특별시 성동구 금호2·3가동,41,15,219279.0,232145.0
11040730,옥수동,23931,9514.0,43.6,12459.2,25.4,145.8,17.4,서울특별시 성동구 옥수동,35,12,216206.0,220324.0
11050530,화양동,31070,5635.0,34.2,27364.3,8.9,524.9,1.7,서울특별시 광진구 화양동,17,19,425008.0,399668.0
11050540,군자동,22920,4562.0,40.2,31079.6,17.7,286.9,6.2,서울특별시 광진구 군자동,20,23,319980.0,333658.0
11050550,중곡1동,15301,4081.0,44.0,24918.8,22.8,308.6,7.4,서울특별시 광진구 중곡1동,18,21,159861.0,143314.0
11050560,중곡2동,20291,5125.0,44.1,37222.8,23.1,245.2,9.4,서울특별시 광진구 중곡2동,18,14,205979.0,220954.0
11050570,중곡3동,15471,4149.0,45.7,25724.8,26.4,324.8,8.1,서울특별시 광진구 중곡3동,22,16,158528.0,127055.0
11050580,중곡4동,26958,7528.0,46.3,11661.6,27.5,315.5,8.7,서울특별시 광진구 중곡4동,34,12,185331.0,208733.0
11050590,능동,11200,2637.0,42.0,10263.3,19.0,247.7,7.7,서울특별시 광진구 능동,6,15,123344.0,147060.0
11050600,구의1동,23510,6190.0,42.7,39542.7,18.7,249.2,7.5,서울특별시 광진구 구의1동,13,13,250518.0,188715.0
11050610,구의2동,25408,7549.0,44.6,18319.0,25.9,201.6,12.8,서울특별시 광진구 구의2동,20,12,234208.0,237133.0
11050620,구의3동,26757,8958.0,43.4,26059.4,22.7,181.0,12.5,서울특별시 광진구 구의3동,20,11,205638.0,206045.0
11050630,광장동,33044,10155.0,40.4,13814.9,17.4,83.4,20.9,서울특별시 광진구 광장동,34,7,188539.0,171255.0
11050640,자양1동,22391,5709.0,44.1,39390.9,22.2,288.8,7.7,서울특별시 광진구 자양1동,13,16,186886.0,232545.0
11050650,자양2동,23133,7109.0,44.9,13967.1,26.3,220.4,12.0,서울특별시 광진구 자양2동,17,16,236045.0,224390.0
11050660,자양3동,26191,8467.0,43.5,21907.9,24.3,155.7,15.6,서울특별시 광진구 자양3동,17,12,211876.0,219204.0
11050670,자양4동,24515,6130.0,45.6,20790.5,24.7,369.1,6.7,서울특별시 광진구 자양4동,9,17,214905.0,252820.0
11060710,회기동,15552,3298.0,34.6,20294.1,11.4,252.3,4.5,서울특별시 동대문구 회기동,10,10,240821.0,257027.0
11060720,휘경1동,16041,4557.0,38.9,30765.4,16.5,215.4,7.7,서울특별시 동대문구 휘경1동,15,26,426157.0,400399.0
11060730,휘경2동,24894,7590.0,41.8,22371.4,22.5,251.9,8.9,서울특별시 동대문구 휘경2동,20,23,352002.0,355657.0
11060800,청량리동,18682,5798.0,50.2,15523.3,44.7,550.7,8.1,서울특별시 동대문구 청량리동,24,28,434461.0,594975.0
11060810,용신동,39131,11683.0,43.0,24197.2,22.1,226.8,9.7,서울특별시 동대문구 용신동,39,51,1023198.0,980169.0
11060820,제기동,24787,7756.0,45.1,20991.6,30.8,429.0,7.2,서울특별시 동대문구 제기동,24,46,574801.0,535006.0
11060830,전농1동,32225,9471.0,43.5,28623.1,25.2,207.7,12.1,서울특별시 동대문구 전농1동,31,31,745697.0,622023.0
11060840,전농2동,18749,6316.0,44.6,19193.9,28.9,226.4,12.8,서울특별시 동대문구 전농2동,8,11,182094.0,159491.0
11060860,답십리2동,26907,9404.0,46.2,30748.2,31.0,254.6,12.2,서울특별시 동대문구 답십리2동,17,15,258900.0,228692.0
11060870,장안1동,36833,11719.0,44.4,27463.9,26.0,209.9,12.4,서울특별시 동대문구 장안1동,24,15,617317.0,588629.0
11060880,장안2동,32214,9900.0,43.3,32347.4,26.2,150.4,17.4,서울특별시 동대문구 장안2동,33,14,485042.0,498934.0
11060890,이문1동,22933,4913.0,38.7,22093.2,17.2,322.9,5.3,서울특별시 동대문구 이문1동,28,10,286820.0,300822.0
11060900,이문2동,19582,6136.0,45.1,27046.3,30.3,243.2,12.5,서울특별시 동대문구 이문2동,9,9,103525.0,97750.0
11060910,답십리1동,27469,9077.0,42.1,34875.0,21.9,133.5,16.4,서울특별시 동대문구 답십리1동,25,16,289438.0,295235.0
11070520,면목2동,23409,6748.0,47.0,30698.9,29.2,311.8,9.3,서울특별시 중랑구 면목2동,23,16,190020.0,167645.0
11070540,면목4동,18007,5683.0,46.7,21365.2,31.5,285.3,11.0,서울특별시 중랑구 면목4동,15,18,168612.0,165631.0
11070550,면목5동,14375,4513.0,43.4,20407.6,24.2,143.5,16.9,서울특별시 중랑구 면목5동,11,18,134781.0,133279.0
11070570,면목7동,20913,6387.0,46.7,16940.1,30.6,301.8,10.1,서울특별시 중랑구 면목7동,16,17,197619.0,224824.0
11070590,상봉1동,22784,7879.0,44.3,26706.6,25.7,180.2,14.2,서울특별시 중랑구 상봉1동,11,10,89070.0,108195.0
11070600,상봉2동,20244,6779.0,42.9,29905.8,19.7,304.4,6.5,서울특별시 중랑구 상봉2동,19,29,595928.0,582984.0
11070610,중화1동,18464,5749.0,46.0,28785.2,30.2,271.6,11.1,서울특별시 중랑구 중화1동,14,13,108420.0,167048.0
11070620,중화2동,23552,6373.0,47.7,23177.1,30.8,415.9,7.4,서울특별시 중랑구 중화2동,28,21,349361.0,300797.0
11070640,묵1동,32737,11119.0,44.4,26454.5,26.7,206.3,13.0,서울특별시 중랑구 묵1동,33,15,236129.0,263550.0
11070650,묵2동,18021,5372.0,46.5,26949.7,30.4,315.4,9.6,서울특별시 중랑구 묵2동,20,10,109092.0,86422.0
11070680,망우3동,15812,3884.0,47.8,16439.7,32.6,363.4,9.0,서울특별시 중랑구 망우3동,11,9,143902.0,139197.0
11070690,신내1동,37020,12753.0,44.8,14223.3,29.8,176.5,16.9,서울특별시 중랑구 신내1동,56,25,580090.0,529421.0
11070700,신내2동,19219,8143.0,47.0,21105.7,33.9,273.5,12.4,서울특별시 중랑구 신내2동,17,18,201399.0,173393.0
11070710,면목본동,32935,9274.0,45.9,38821.7,26.6,332.4,8.0,서울특별시 중랑구 면목본동,27,17,405437.0,397536.0
11070720,면목3·8동,24296,6733.0,47.0,15057.7,30.8,364.2,8.4,서울특별시 중랑구 면목3·8동,30,22,309808.0,304113.0
11070730,망우본동,34833,10297.0,44.9,11816.0,29.0,213.0,13.6,서울특별시 중랑구 망우본동,55,23,508152.0,510628.0
11080580,돈암1동,13891,5514.0,46.3,28411.3,31.0,279.9,11.1,서울특별시 성북구 돈암1동,13,30,374607.0,314744.0
11080590,돈암2동,22284,8077.0,43.4,43011.5,23.4,134.5,17.4,서울특별시 성북구 돈암2동,36,10,189403.0,225079.0
11080600,안암동,19763,3790.0,35.6,14336.3,12.3,362.9,3.4,서울특별시 성북구 안암동,32,18,373888.0,389629.0
11080610,보문동,16499,4973.0,43.1,29857.7,23.0,197.5,11.6,서울특별시 성북구 보문동,9,12,210820.0,199242.0
11080620,정릉1동,17800,5826.0,43.2,43240.2,25.8,165.0,15.6,서울특별시 성북구 정릉1동,15,18,258655.0,311451.0
11080630,정릉2동,22263,8096.0,45.3,20348.9,30.4,251.5,12.1,서울특별시 성북구 정릉2동,41,21,272785.0,235902.0
11080640,정릉3동,18067,5496.0,41.6,5434.3,24.5,458.5,5.3,서울특별시 성북구 정릉3동,35,17,221929.0,242941.0
11080650,정릉4동,23953,9037.0,45.3,6712.8,29.9,251.7,11.9,서울특별시 성북구 정릉4동,32,15,389824.0,374432.0
11080660,길음1동,33592,11633.0,40.8,42163.4,20.6,88.0,23.4,서울특별시 성북구 길음1동,27,29,514869.0,516838.0
11080680,길음2동,21503,7604.0,41.6,36597.3,21.7,110.9,19.5,서울특별시 성북구 길음2동,24,40,326478.0,405896.0
11080710,월곡1동,24962,8178.0,44.7,31157.8,29.0,186.4,15.6,서울특별시 성북구 월곡1동,18,24,271023.0,278126.0
11080720,월곡2동,19583,5687.0,43.7,14354.9,26.9,278.3,9.7,서울특별시 성북구 월곡2동,28,9,200159.0,194820.0
11080760,장위1동,22880,7651.0,44.3,32316.1,25.4,184.7,13.8,서울특별시 성북구 장위1동,33,16,233420.0,226767.0
11080770,장위2동,13136,3971.0,47.7,19345.0,36.4,383.9,9.5,서울특별시 성북구 장위2동,29,17,186860.0,222346.0
11080780,장위3동,15071,5411.0,41.2,23111.3,20.8,104.0,20.0,서울특별시 성북구 장위3동,34,22,226670.0,219487.0
11080810,성북동,15618,5234.0,44.8,5427.4,25.9,295.3,8.8,서울특별시 성북구 성북동,47,27,443198.0,386721.0
11080820,삼선동,22478,6534.0,43.2,24286.7,23.4,275.4,8.5,서울특별시 성북구 삼선동,38,36,659156.0,685300.0
11080830,동선동,15932,4178.0,39.0,21997.6,16.4,314.6,5.2,서울특별시 성북구 동선동,19,29,551326.0,559117.0
11080840,종암동,39560,12251.0,43.2,28187.4,24.9,198.4,12.5,서울특별시 성북구 종암동,57,21,580621.0,556645.0
11080850,석관동,34039,10591.0,46.0,19977.5,31.5,294.3,10.7,서울특별시 성북구 석관동,30,24,309042.0,279098.0
11090600,번1동,17923,4752.0,46.3,28605.4,29.0,435.3,6.7,서울특별시 강북구 번1동,25,32,738293.0,672999.0
11090610,번2동,14498,6470.0,49.8,14891.8,43.0,484.0,8.9,서울특별시 강북구 번2동,40,12,192900.0,191274.0
11090620,번3동,15888,7204.0,50.3,14706.3,49.5,410.3,12.1,서울특별시 강북구 번3동,35,13,266236.0,241536.0
11090630,수유1동,19484,6727.0,47.1,11817.7,33.5,355.6,9.4,서울특별시 강북구 수유1동,39,30,378181.0,321971.0
11090640,수유2동,19930,7235.0,48.6,34292.5,38.5,381.1,10.1,서울특별시 강북구 수유2동,17,16,273350.0,273804.0
11090650,수유3동,23257,6861.0,46.0,31214.1,28.1,497.2,5.7,서울특별시 강북구 수유3동,20,26,539147.0,624893.0
11090690,삼양동,21714,7453.0,47.0,23515.4,32.7,303.4,10.8,서울특별시 강북구 삼양동,32,12,239928.0,259564.0
11090700,미아동,21139,6638.0,46.9,25148.5,31.4,463.8,6.8,서울특별시 강북구 미아동,25,21,335175.0,315259.0
11090710,송중동,28489,8932.0,46.3,26501.9,31.2,290.0,10.8,서울특별시 강북구 송중동,60,39,1026137.0,965862.0
11090720,송천동,24638,7119.0,49.4,26515.0,38.3,497.2,7.7,서울특별시 강북구 송천동,16,31,425050.0,484683.0
11090730,삼각산동,29592,11044.0,42.5,47618.3,23.1,115.7,20.0,서울특별시 강북구 삼각산동,21,11,221059.0,182845.0
11090740,우이동,19236,7092.0,48.7,1818.2,39.7,360.6,11.0,서울특별시 강북구 우이동,32,20,335663.0,252449.0
11090750,인수동,28367,10021.0,48.6,9469.2,38.9,369.8,10.5,서울특별시 강북구 인수동,50,12,261406.0,277064.0
11100510,쌍문1동,21083,7376.0,46.5,17944.7,33.4,326.9,10.2,서울특별시 도봉구 쌍문1동,44,18,228175.0,255044.0
11100520,쌍문2동,17614,6398.0,47.5,32571.4,34.3,329.5,10.4,서울특별시 도봉구 쌍문2동,14,20,289639.0,299467.0
11100530,쌍문3동,16233,5537.0,46.3,32181.3,30.4,327.5,9.3,서울특별시 도봉구 쌍문3동,13,21,203025.0,348083.0
11100540,쌍문4동,17497,6703.0,45.0,31557.6,27.5,191.0,14.4,서울특별시 도봉구 쌍문4동,17,10,191157.0,187145.0
11100550,방학1동,27134,8245.0,47.6,26088.7,34.4,313.3,11.0,서울특별시 도봉구 방학1동,31,21,324035.0,331872.0
11100560,방학2동,18111,5944.0,48.9,16585.4,37.6,370.5,10.2,서울특별시 도봉구 방학2동,21,10,144012.0,163645.0
11100570,방학3동,25381,9461.0,46.5,13018.9,34.2,216.9,15.8,서울특별시 도봉구 방학3동,26,14,251963.0,189879.0
11100590,창1동,23204,8876.0,45.9,20693.5,29.9,244.9,12.2,서울특별시 도봉구 창1동,20,21,375434.0,220027.0
11100600,창2동,27603,8606.0,45.9,42210.0,28.7,249.9,11.5,서울특별시 도봉구 창2동,27,20,279398.0,285240.0
11100610,창3동,12908,3930.0,48.0,19707.3,34.2,327.1,10.5,서울특별시 도봉구 창3동,15,7,154213.0,135691.0
11100620,창4동,25119,9759.0,44.8,22057.4,25.5,195.6,13.0,서울특별시 도봉구 창4동,37,14,349715.0,331509.0
11100630,창5동,23206,8481.0,46.0,33106.8,29.6,259.5,11.4,서울특별시 도봉구 창5동,17,20,195284.0,220782.0
11100640,도봉1동,19624,6867.0,51.6,2323.7,49.3,569.0,8.7,서울특별시 도봉구 도봉1동,36,15,262770.0,164618.0
11100650,도봉2동,25214,9144.0,49.1,22549.2,43.0,360.3,11.9,서울특별시 도봉구 도봉2동,43,15,198624.0,273040.0
11110510,월계1동,22158,7228.0,43.5,19424.7,27.1,288.0,9.4,서울특별시 노원구 월계1동,42,27,415952.0,375431.0
11110520,월계2동,25090,10892.0,47.4,12521.5,36.9,277.1,13.3,서울특별시 노원구 월계2동,35,10,210571.0,201425.0
11110530,월계3동,27931,12143.0,46.3,24645.9,34.0,246.1,13.8,서울특별시 노원구 월계3동,24,20,182482.0,222736.0
11110560,공릉2동,45809,14023.0,38.9,6563.2,17.2,130.2,13.2,서울특별시 노원구 공릉2동,45,12,312836.0,327587.0
11110580,하계1동,24944,9955.0,45.0,16347.2,26.0,266.8,9.7,서울특별시 노원구 하계1동,36,23,337698.0,339767.0
11110590,하계2동,20622,7893.0,43.7,41270.8,24.0,151.0,15.9,서울특별시 노원구 하계2동,18,20,161202.0,148778.0
11110600,중계본동,22091,7412.0,40.7,10126.3,16.0,87.1,18.3,서울특별시 노원구 중계본동,18,8,264713.0,191273.0
11110610,중계1동,25414,8491.0,39.3,40794.7,14.0,63.3,22.2,서울특별시 노원구 중계1동,18,13,209662.0,235752.0
11110640,중계4동,18693,7430.0,46.7,12313.4,33.6,251.4,13.4,서울특별시 노원구 중계4동,8,8,213473.0,222445.0
11110650,상계1동,35948,13093.0,46.5,6658.9,31.4,258.6,12.2,서울특별시 노원구 상계1동,24,11,225539.0,212955.0
11110660,상계2동,18929,5945.0,46.0,30400.8,27.6,287.5,9.6,서울특별시 노원구 상계2동,24,19,406927.0,403401.0
11110690,상계5동,22578,7182.0,47.8,24917.4,33.6,350.2,9.6,서울특별시 노원구 상계5동,26,10,149768.0,149287.0
11110720,상계8동,21291,8800.0,40.8,31976.1,19.8,111.0,17.8,서울특별시 노원구 상계8동,13,13,98728.0,72806.0
11110730,상계9동,19044,7959.0,44.9,26487.6,27.7,211.7,13.1,서울특별시 노원구 상계9동,19,13,115504.0,152054.0
11110740,상계10동,17608,7224.0,43.4,21776.0,22.9,162.4,14.1,서울특별시 노원구 상계10동,23,17,198951.0,176234.0
11110760,상계3·4동,26576,10016.0,47.2,5103.0,35.6,262.0,13.6,서울특별시 노원구 상계3·4동,15,6,72022.0,87977.0
11110770,상계6·7동,30513,12944.0,43.8,21055.7,24.0,175.1,13.7,서울특별시 노원구 상계6·7동,25,23,400150.0,371036.0
11110780,중계2·3동,31681,13595.0,47.4,34496.6,36.4,297.7,12.2,서울특별시 노원구 중계2·3동,31,23,268363.0,278851.0
11110790,공릉1동,36059,13863.0,43.9,28566.3,26.4,275.5,9.6,서울특별시 노원구 공릉1동,45,17,276660.0,276740.0
11120510,녹번동,35179,12548.0,46.0,19621.4,31.1,250.8,12.4,서울특별시 은평구 녹번동,26,28,335271.0,320024.0
11120520,불광1동,35991,13492.0,46.8,11525.9,31.8,280.9,11.3,서울특별시 은평구 불광1동,38,19,528617.0,483168.0
11120550,갈현1동,14218,4994.0,47.0,14804.8,31.5,351.5,9.0,서울특별시 은평구 갈현1동,33,16,164627.0,143095.0
11120560,갈현2동,26712,9304.0,45.5,27134.2,27.6,263.5,10.5,서울특별시 은평구 갈현2동,31,20,313915.0,251521.0
11120570,구산동,30670,10937.0,46.3,22084.5,30.3,270.9,11.2,서울특별시 은평구 구산동,33,22,288102.0,209115.0
11120580,대조동,26687,9571.0,44.7,31357.2,26.0,347.5,7.5,서울특별시 은평구 대조동,23,30,357929.0,472437.0
11120590,응암1동,31848,10690.0,43.2,28716.6,24.4,161.9,15.1,서울특별시 은평구 응암1동,22,21,565346.0,607591.0
11120600,응암2동,26504,9410.0,41.4,35119.0,22.7,100.7,22.6,서울특별시 은평구 응암2동,33,13,203382.0,182148.0
11120650,신사1동,25638,9460.0,45.8,31741.2,29.0,266.2,10.9,서울특별시 은평구 신사1동,25,20,359998.0,366005.0
11120660,신사2동,18332,6382.0,46.4,17535.0,31.0,282.6,11.0,서울특별시 은평구 신사2동,29,15,282245.0,280291.0
11120670,증산동,17717,6169.0,45.1,21950.4,29.1,223.2,13.0,서울특별시 은평구 증산동,9,24,195878.0,219142.0
11120680,수색동,19367,7447.0,42.4,15024.9,21.2,132.5,16.0,서울특별시 은평구 수색동,20,29,274069.0,243476.0
11120710,진관동,52789,16502.0,42.7,4567.8,24.5,139.5,17.5,서울특별시 은평구 진관동,67,20,696915.0,685649.0
11120720,불광2동,25833,9059.0,47.9,18517.5,33.8,447.7,7.5,서울특별시 은평구 불광2동,26,18,331998.0,389850.0
11120730,응암3동,23013,7103.0,48.2,30593.5,36.4,459.4,7.9,서울특별시 은평구 응암3동,26,25,280531.0,293921.0
11120740,역촌동,42490,14747.0,46.1,36734.1,29.3,277.9,10.5,서울특별시 은평구 역촌동,47,22,392565.0,348487.0
11130520,천연동,16795,5882.0,44.6,17101.4,27.5,211.9,13.0,서울특별시 서대문구 천연동,38,26,310427.0,319115.0
11130620,홍제1동,23989,8645.0,45.2,19426.9,28.9,220.1,13.1,서울특별시 서대문구 홍제1동,23,25,570070.0,527758.0
11130640,홍제3동,17536,6042.0,46.6,14516.7,33.5,279.8,12.0,서울특별시 서대문구 홍제3동,41,10,291373.0,264575.0
11130650,홍제2동,12728,4854.0,46.8,18197.0,30.9,277.6,11.1,서울특별시 서대문구 홍제2동,8,19,140383.0,184415.0
11130660,홍은1동,21381,7436.0,46.4,13383.4,31.7,249.2,12.7,서울특별시 서대문구 홍은1동,31,26,222306.0,229832.0
11130680,홍은2동,28549,10165.0,44.3,13768.4,26.4,225.8,11.7,서울특별시 서대문구 홍은2동,66,40,621764.0,590539.0
11130690,남가좌1동,16260,5802.0,40.0,34218.1,20.5,74.6,27.5,서울특별시 서대문구 남가좌1동,16,21,257971.0,262629.0
11130700,남가좌2동,30766,9914.0,41.2,39290.6,22.3,144.7,15.4,서울특별시 서대문구 남가좌2동,27,21,411035.0,373982.0
11130710,북가좌1동,16935,5950.0,44.1,29321.9,26.7,154.3,17.3,서울특별시 서대문구 북가좌1동,10,23,177511.0,138896.0
11130720,북가좌2동,30221,10641.0,46.3,36660.6,30.7,314.4,9.8,서울특별시 서대문구 북가좌2동,35,20,326663.0,310744.0
11130730,충현동,19715,6597.0,43.9,17678.9,24.1,226.4,10.6,서울특별시 서대문구 충현동,38,37,421656.0,508287.0
11130740,북아현동,15333,5146.0,42.1,33430.6,20.5,130.2,15.8,서울특별시 서대문구 북아현동,17,21,278307.0,279764.0
11130750,신촌동,33661,5655.0,31.6,12383.5,6.7,253.2,2.6,서울특별시 서대문구 신촌동,47,57,1399899.0,1216997.0
11130760,연희동,36299,11013.0,42.4,12401.1,22.2,280.7,7.9,서울특별시 서대문구 연희동,54,50,977990.0,1012578.0
11140590,용강동,20491,7022.0,41.6,25937.5,20.7,102.2,20.2,서울특별시 마포구 용강동,19,14,166677.0,156342.0
11140600,대흥동,16483,4901.0,39.0,19447.4,14.3,218.9,6.5,서울특별시 마포구 대흥동,32,40,492863.0,517030.0
11140610,염리동,16559,6009.0,40.3,33320.3,16.7,98.4,17.0,서울특별시 마포구 염리동,9,27,116389.0,154119.0
11140630,신수동,22090,7510.0,42.1,27706.4,20.3,155.9,13.0,서울특별시 마포구 신수동,24,6,63993.0,70295.0
11140660,서교동,25611,8531.0,40.3,15267.0,15.3,331.3,4.6,서울특별시 마포구 서교동,76,52,1904136.0,1653256.0
11140680,합정동,15917,5958.0,43.2,9302.0,20.7,291.4,7.1,서울특별시 마포구 합정동,25,20,225476.0,299014.0
11140690,망원1동,18586,6895.0,44.2,16893.3,24.3,279.6,8.7,서울특별시 마포구 망원1동,24,10,231714.0,148740.0
11140700,망원2동,17541,6435.0,44.1,25951.5,24.9,223.9,11.1,서울특별시 마포구 망원2동,31,13,149276.0,192391.0
11140710,연남동,14713,5398.0,42.6,22741.6,20.7,334.5,6.2,서울특별시 마포구 연남동,21,26,263886.0,284720.0
11140720,성산1동,18438,6507.0,43.7,21473.9,22.5,263.1,8.5,서울특별시 마포구 성산1동,25,22,248680.0,248860.0
11140730,성산2동,37637,12612.0,43.3,19034.8,23.8,217.4,10.9,서울특별시 마포구 성산2동,39,25,359075.0,361689.0
11140740,상암동,29147,9378.0,41.2,3471.4,20.1,113.3,17.8,서울특별시 마포구 상암동,84,35,861213.0,837296.0
11140750,도화동,19724,6958.0,44.7,31580.9,27.2,202.2,13.5,서울특별시 마포구 도화동,33,15,258264.0,269141.0
11140760,서강동,25641,8919.0,39.9,17352.0,16.4,144.8,11.3,서울특별시 마포구 서강동,60,13,207042.0,205014.0
11140770,공덕동,35343,11111.0,44.0,34700.3,22.6,219.2,10.3,서울특별시 마포구 공덕동,37,22,459970.0,436911.0
11140780,아현동,27459,10449.0,40.7,36696.3,18.0,95.2,19.0,서울특별시 마포구 아현동,15,36,299095.0,271305.0
11150510,목1동,28848,7603.0,40.0,20144.3,17.6,72.8,24.1,서울특별시 양천구 목1동,20,31,686924.0,599324.0
11150520,목2동,27911,10460.0,43.4,27347.3,21.1,206.2,10.2,서울특별시 양천구 목2동,14,22,207177.0,244654.0
11150530,목3동,20499,7140.0,44.3,38570.8,24.2,231.3,10.4,서울특별시 양천구 목3동,6,13,216265.0,189100.0
11150540,목4동,23750,7459.0,42.9,41155.9,19.3,157.9,12.2,서울특별시 양천구 목4동,13,18,237596.0,251805.0
11150570,신월1동,19259,6185.0,48.3,30965.4,34.0,372.5,9.1,서울특별시 양천구 신월1동,9,10,127087.0,95952.0
11150580,신월2동,20173,7457.0,45.1,33268.3,30.7,207.3,14.8,서울특별시 양천구 신월2동,9,18,207169.0,230888.0
11150590,신월3동,14226,4180.0,47.4,15507.2,33.7,305.7,11.0,서울특별시 양천구 신월3동,8,11,95171.0,78116.0
11150600,신월4동,16948,6050.0,45.2,36095.3,31.0,195.9,15.8,서울특별시 양천구 신월4동,7,19,146791.0,157782.0
11150610,신월5동,13614,4578.0,45.1,21334.9,27.2,217.4,12.5,서울특별시 양천구 신월5동,12,13,120667.0,141354.0
11150620,신월6동,13440,4970.0,41.3,30272.6,22.2,106.3,20.9,서울특별시 양천구 신월6동,14,14,176439.0,117446.0
11150630,신월7동,18195,8101.0,48.4,14795.8,37.0,366.3,10.1,서울특별시 양천구 신월7동,19,18,171394.0,201742.0
11150640,신정1동,18759,5971.0,41.8,25111.6,22.3,99.4,22.4,서울특별시 양천구 신정1동,28,19,239299.0,256324.0
11150650,신정2동,18122,5907.0,42.7,34484.2,22.1,120.9,18.3,서울특별시 양천구 신정2동,14,11,103818.0,82612.0
11150660,신정3동,48438,16800.0,43.7,17584.7,24.9,156.3,15.9,서울특별시 양천구 신정3동,53,30,501698.0,482997.0
11150690,신정6동,22574,7053.0,41.2,24009.8,19.3,93.4,20.7,서울특별시 양천구 신정6동,22,15,199484.0,202137.0
11150700,신정7동,27291,10515.0,44.9,22129.6,28.7,175.1,16.4,서울특별시 양천구 신정7동,20,15,148526.0,136565.0
11150710,목5동,38370,12114.0,40.5,21738.5,19.0,80.8,23.5,서울특별시 양천구 목5동,29,9,502292.0,486501.0
11150720,신정4동,31831,10279.0,45.5,31945.3,27.3,322.9,8.4,서울특별시 양천구 신정4동,16,29,444046.0,452145.0
11160510,염창동,40045,13611.0,39.9,23104.7,16.5,87.8,18.8,서울특별시 강서구 염창동,31,21,470666.0,438316.0
11160520,등촌1동,24308,6602.0,40.9,37381.4,16.3,185.1,8.8,서울특별시 강서구 등촌1동,15,29,254757.0,314227.0
11160530,등촌2동,18643,6665.0,44.5,20486.7,25.6,223.6,11.5,서울특별시 강서구 등촌2동,6,11,203815.0,223425.0
11160540,등촌3동,28520,13171.0,48.2,26915.9,37.6,345.6,10.9,서울특별시 강서구 등촌3동,48,23,413332.0,434838.0
11160550,화곡본동,32418,12220.0,43.0,33363.0,21.7,216.6,10.0,서울특별시 강서구 화곡본동,24,15,269295.0,248200.0
11160570,화곡2동,16919,5951.0,44.3,37242.6,25.1,216.8,11.6,서울특별시 강서구 화곡2동,27,7,151363.0,129751.0
11160580,화곡3동,20456,7073.0,45.7,39229.5,31.6,273.0,11.6,서울특별시 강서구 화곡3동,7,13,128393.0,128636.0
11160590,화곡4동,19617,6805.0,46.4,23040.0,30.2,296.4,10.2,서울특별시 강서구 화곡4동,30,16,161012.0,158861.0
11160610,화곡6동,24155,7755.0,43.8,23289.5,23.3,269.0,8.7,서울특별시 강서구 화곡6동,28,22,393627.0,351880.0
11160630,화곡8동,23234,8975.0,45.4,39163.8,27.6,302.7,9.1,서울특별시 강서구 화곡8동,27,14,255777.0,243293.0
11160650,가양2동,13018,6572.0,52.3,15812.4,55.2,772.3,7.1,서울특별시 강서구 가양2동,12,9,64443.0,63007.0
11160660,가양3동,13801,7062.0,49.3,29221.8,42.1,506.6,8.3,서울특별시 강서구 가양3동,13,8,61942.0,66512.0
11160670,발산1동,34799,11964.0,41.9,12059.6,21.6,116.4,18.6,서울특별시 강서구 발산1동,55,19,361147.0,337347.0
11160690,공항동,29427,9047.0,41.4,2685.9,21.4,109.7,19.5,서울특별시 강서구 공항동,37,14,215299.0,192312.0
11160700,방화1동,41019,13525.0,43.1,27818.0,25.4,138.4,18.4,서울특별시 강서구 방화1동,47,16,179082.0,164821.0
11160710,방화2동,22201,7570.0,46.6,3608.1,33.0,326.1,10.1,서울특별시 강서구 방화2동,26,17,144398.0,140284.0
11160730,화곡1동,50568,18686.0,44.0,42257.8,23.5,304.6,7.7,서울특별시 강서구 화곡1동,27,21,596076.0,602698.0
11160740,우장산동,42291,13928.0,41.7,33546.2,21.6,116.1,18.6,서울특별시 강서구 우장산동,27,23,265182.0,314578.0
11160751,가양1동,32860,7640.0,39.5,6753.3,12.4,170.2,7.3,서울특별시 강서구 가양1동,57,22,520047.0,499359.0
11160761,방화3동,21258,9244.0,48.4,8313.5,40.2,347.3,11.6,서울특별시 강서구 방화3동,18,10,64011.0,57224.0
11170510,신도림동,34832,11040.0,41.3,25027.1,20.7,109.9,18.8,서울특별시 구로구 신도림동,30,21,507570.0,544538.0
11170520,구로1동,20056,6607.0,41.6,19893.7,20.9,121.9,17.2,서울특별시 구로구 구로1동,22,10,117449.0,119125.0
11170540,구로3동,25688,7356.0,43.1,24715.5,20.0,228.4,8.8,서울특별시 구로구 구로3동,44,27,620610.0,471561.0
11170550,구로4동,25507,8275.0,49.0,48666.5,31.2,447.4,7.0,서울특별시 구로구 구로4동,8,21,211401.0,163805.0
11170560,구로5동,32890,8716.0,44.8,32508.6,23.6,260.6,9.1,서울특별시 구로구 구로5동,33,24,529165.0,521466.0
11170610,고척1동,26432,9236.0,44.1,22976.3,27.1,209.7,12.9,서울특별시 구로구 고척1동,31,16,360694.0,360486.0
11170620,고척2동,25989,8028.0,46.7,25362.9,32.4,264.4,12.2,서울특별시 구로구 고척2동,38,13,277324.0,265278.0
11170640,개봉2동,29386,10603.0,47.0,37583.3,35.3,277.8,12.7,서울특별시 구로구 개봉2동,23,15,345675.0,334288.0
11170650,개봉3동,19720,7006.0,47.7,23821.6,34.2,315.3,10.9,서울특별시 구로구 개봉3동,20,8,129029.0,131940.0
11170670,오류1동,23223,6896.0,44.4,31940.0,26.3,309.5,8.5,서울특별시 구로구 오류1동,14,11,243653.0,229584.0
11170690,수궁동,22628,8548.0,45.9,8508.6,30.6,255.1,12.0,서울특별시 구로구 수궁동,34,13,350482.0,367901.0
11170700,가리봉동,15541,2596.0,49.5,37840.4,26.5,644.6,4.1,서울특별시 구로구 가리봉동,9,18,225402.0,256799.0
11170710,구로2동,34270,7381.0,49.5,20133.8,29.6,428.0,6.9,서울특별시 구로구 구로2동,39,31,731073.0,740501.0
11170720,개봉1동,33762,10942.0,46.1,25590.6,31.6,245.9,12.9,서울특별시 구로구 개봉1동,46,26,620957.0,589233.0
11170730,오류2동,37004,13444.0,44.8,12097.2,30.9,180.2,17.1,서울특별시 구로구 오류2동,57,17,280981.0,272392.0
11170740,항동,16469,5957.0,37.3,11390.1,16.6,56.3,29.5,서울특별시 구로구 항동,30,5,100597.0,89960.0
11180510,가산동,28267,6841.0,41.3,11257.2,13.7,357.2,3.8,서울특별시 금천구 가산동,96,28,1128099.0,1018197.0
11180520,독산1동,48069,14294.0,41.7,23329.8,17.9,157.3,11.4,서울특별시 금천구 독산1동,64,28,430341.0,461151.0
11180530,독산2동,19837,5006.0,47.4,32163.5,28.6,331.5,8.6,서울특별시 금천구 독산2동,9,23,320749.0,322442.0
11180540,독산3동,29222,7604.0,47.6,31276.9,27.2,382.9,7.1,서울특별시 금천구 독산3동,20,33,430381.0,417665.0
11180550,독산4동,17250,4133.0,47.7,29208.7,27.5,344.5,8.0,서울특별시 금천구 독산4동,17,27,359323.0,321478.0
11180570,시흥1동,34370,10117.0,46.8,22578.5,29.5,304.9,9.7,서울특별시 금천구 시흥1동,42,27,598793.0,677562.0
11180580,시흥2동,20050,7777.0,46.4,15329.7,33.1,214.6,15.4,서울특별시 금천구 시흥2동,23,8,181501.0,202387.0
11180590,시흥3동,10303,3939.0,47.9,8174.0,34.7,365.6,9.5,서울특별시 금천구 시흥3동,15,12,99675.0,93170.0
11180600,시흥4동,20015,6150.0,48.0,24375.7,33.4,332.7,10.0,서울특별시 금천구 시흥4동,24,11,214052.0,142370.0
11180610,시흥5동,18477,5443.0,48.8,13331.6,37.2,376.1,9.9,서울특별시 금천구 시흥5동,30,15,260889.0,194135.0
11190540,여의동,30638,9920.0,45.0,3633.8,30.4,180.0,16.9,서울특별시 영등포구 여의동,44,33,1694485.0,1683663.0
11190550,당산1동,20620,6452.0,43.1,27686.8,22.2,257.8,8.6,서울특별시 영등포구 당산1동,17,19,283190.0,287653.0
11190560,당산2동,35691,10996.0,40.6,22591.2,17.8,143.8,12.4,서울특별시 영등포구 당산2동,38,30,571218.0,530988.0
11190610,양평1동,17842,4141.0,40.7,18314.5,17.5,149.7,11.7,서울특별시 영등포구 양평1동,20,15,182440.0,175570.0
11190620,양평2동,22117,7128.0,40.8,7699.6,17.2,142.9,12.0,서울특별시 영등포구 양평2동,28,29,302645.0,316420.0
11190630,신길1동,20955,5223.0,45.2,29007.8,24.6,329.7,7.5,서울특별시 영등포구 신길1동,23,19,243146.0,238552.0
11190650,신길3동,17339,4819.0,45.7,33363.4,28.5,215.9,13.2,서울특별시 영등포구 신길3동,24,20,212282.0,216195.0
11190660,신길4동,13029,3747.0,45.9,40417.0,28.7,218.3,13.1,서울특별시 영등포구 신길4동,12,14,138753.0,109322.0
11190670,신길5동,11422,3058.0,46.7,23107.9,29.9,225.9,13.3,서울특별시 영등포구 신길5동,22,18,130307.0,177299.0
11190680,신길6동,18292,5276.0,44.9,29603.6,26.3,249.3,10.5,서울특별시 영등포구 신길6동,22,21,218000.0,233982.0
11190690,신길7동,19358,6542.0,41.1,29933.8,20.8,102.1,20.4,서울특별시 영등포구 신길7동,27,33,313587.0,367585.0
11190700,대림1동,17791,4081.0,47.8,35681.1,29.6,326.1,9.1,서울특별시 영등포구 대림1동,16,21,219379.0,206731.0
11190710,대림2동,22505,4517.0,48.9,39335.6,26.5,458.8,5.8,서울특별시 영등포구 대림2동,12,21,161070.0,157069.0
11190720,대림3동,27404,7553.0,47.8,29753.9,28.4,336.1,8.4,서울특별시 영등포구 대림3동,35,13,230000.0,227878.0
11190730,영등포본동,23357,6674.0,46.7,27616.9,28.7,282.4,10.2,서울특별시 영등포구 영등포본동,19,22,199548.0,195769.0
11190740,영등포동,30206,8235.0,39.5,22026.0,13.6,240.6,5.7,서울특별시 영등포구 영등포동,35,40,1236780.0,1244322.0
11190750,도림동,20532,4197.0,46.1,35070.1,25.1,293.1,8.6,서울특별시 영등포구 도림동,21,15,160357.0,174386.0
11190760,문래동,31446,8866.0,42.1,17612.8,24.4,126.1,19.4,서울특별시 영등포구 문래동,42,23,401812.0,446833.0
11200520,노량진2동,11068,2309.0,46.3,18442.9,27.7,676.7,4.1,서울특별시 동작구 노량진2동,12,32,467069.0,380532.0
11200530,상도1동,46296,14563.0,41.1,31250.8,21.1,224.1,9.4,서울특별시 동작구 상도1동,42,20,830375.0,813439.0
11200540,상도2동,26994,9333.0,42.0,34678.7,22.6,138.2,16.3,서울특별시 동작구 상도2동,41,26,452940.0,502464.0
11200550,상도3동,23835,7374.0,45.1,37423.2,27.3,321.8,8.5,서울특별시 동작구 상도3동,34,12,296251.0,275010.0
11200560,상도4동,27486,8360.0,45.0,29275.7,27.1,273.2,9.9,서울특별시 동작구 상도4동,35,9,238399.0,235460.0
11200630,사당1동,22528,5948.0,43.5,35494.1,22.5,433.7,5.2,서울특별시 동작구 사당1동,12,30,296650.0,324669.0
11200650,사당3동,22949,7570.0,44.4,25301.1,29.6,197.4,15.0,서울특별시 동작구 사당3동,28,12,181597.0,189131.0
11200660,사당4동,13572,4169.0,45.3,31141.1,28.6,354.2,8.1,서울특별시 동작구 사당4동,5,7,73818.0,69882.0
11200670,사당5동,13740,4526.0,43.7,20155.8,24.7,197.7,12.5,서울특별시 동작구 사당5동,22,8,109594.0,103376.0
11200680,대방동,34569,11936.0,42.8,22392.7,22.2,181.3,12.3,서울특별시 동작구 대방동,49,35,574858.0,500407.0
11200690,신대방1동,25960,6827.0,44.9,38471.5,25.5,205.2,12.4,서울특별시 동작구 신대방1동,15,17,201860.0,178777.0
11200700,신대방2동,21663,6458.0,42.0,22339.8,22.4,157.4,14.2,서울특별시 동작구 신대방2동,24,20,293640.0,275951.0
11200710,흑석동,34500,10661.0,39.9,20210.5,19.1,153.8,12.4,서울특별시 동작구 흑석동,50,17,557432.0,552989.0
11200720,노량진1동,31688,10651.0,44.1,19654.5,26.5,273.0,9.7,서울특별시 동작구 노량진1동,47,35,779031.0,825534.0
11200730,사당2동,27241,9247.0,45.7,9866.0,31.0,244.9,12.7,서울특별시 동작구 사당2동,27,29,537503.0,471679.0
11210520,보라매동,23669,6272.0,44.6,31303.8,27.7,326.6,8.5,서울특별시 관악구 보라매동,24,18,268899.0,261543.0
11210540,청림동,14246,5220.0,44.6,47977.0,28.8,191.3,15.1,서울특별시 관악구 청림동,10,12,124372.0,102730.0
11210570,행운동,29003,7072.0,41.4,40411.0,19.5,342.4,5.7,서울특별시 관악구 행운동,12,26,483231.0,357500.0
11210580,낙성대동,22429,3750.0,35.1,9919.4,10.4,244.2,4.3,서울특별시 관악구 낙성대동,33,27,483062.0,691391.0
11210610,중앙동,15356,3574.0,41.6,39943.5,19.9,465.3,4.3,서울특별시 관악구 중앙동,11,26,295316.0,316419.0
11210620,인헌동,25244,6873.0,42.4,23196.5,20.9,303.5,6.9,서울특별시 관악구 인헌동,24,12,231840.0,224580.0
11210630,남현동,17319,5354.0,43.1,5282.5,22.8,305.5,7.5,서울특별시 관악구 남현동,6,16,135905.0,186642.0
11210640,서원동,23277,5775.0,41.6,35973.8,18.3,441.3,4.2,서울특별시 관악구 서원동,16,27,677876.0,903066.0
11210650,신원동,18455,3907.0,44.2,33888.8,24.6,492.4,5.0,서울특별시 관악구 신원동,14,3,106252.0,86422.0
11210660,서림동,23903,5258.0,42.1,25413.7,19.8,398.3,5.0,서울특별시 관악구 서림동,20,21,277899.0,319479.0
11210680,신사동,25519,4352.0,43.4,39834.2,20.3,394.2,5.2,서울특별시 관악구 신사동,19,22,227014.0,252848.0
11210690,신림동,23500,4486.0,37.2,43456.6,10.1,573.7,1.8,서울특별시 관악구 신림동,15,29,668609.0,425257.0
11210710,난향동,14299,4835.0,45.5,17421.0,29.3,194.7,15.1,서울특별시 관악구 난향동,15,13,165446.0,144189.0
11210720,조원동,21365,5445.0,43.0,32073.9,20.1,316.8,6.3,서울특별시 관악구 조원동,21,34,728513.0,937219.0
11210730,대학동,26149,4406.0,40.7,3113.4,15.1,370.7,4.1,서울특별시 관악구 대학동,51,21,701117.0,584363.0
11210780,은천동,31985,10582.0,44.1,41237.1,26.6,228.7,11.6,서울특별시 관악구 은천동,40,21,456072.0,454669.0
11210790,성현동,27478,10362.0,44.9,40544.8,29.2,204.5,14.3,서울특별시 관악구 성현동,27,17,289091.0,320036.0
11210800,청룡동,36618,8107.0,39.7,30649.9,16.7,309.2,5.4,서울특별시 관악구 청룡동,15,21,468228.0,376273.0
11210810,난곡동,25196,7760.0,47.3,25931.0,31.7,362.3,8.8,서울특별시 관악구 난곡동,23,9,330111.0,252539.0
11210820,삼성동,19283,7029.0,50.6,7409.5,43.2,515.9,8.4,서울특별시 관악구 삼성동,30,13,287962.0,329325.0
11210830,미성동,29384,8766.0,45.9,21630.9,30.4,290.4,10.5,서울특별시 관악구 미성동,35,22,458985.0,466891.0
11220510,서초1동,19722,6580.0,42.9,14274.3,22.7,181.4,12.5,서울특별시 서초구 서초1동,31,20,297327.0,319012.0
11220520,서초2동,24335,7994.0,40.1,19780.8,17.8,104.8,17.0,서울특별시 서초구 서초2동,40,45,601014.0,695388.0
11220530,서초3동,30140,10103.0,43.2,10059.0,22.4,213.8,10.5,서울특별시 서초구 서초3동,67,27,778568.0,752899.0
11220540,서초4동,28327,8949.0,41.6,32222.4,21.9,101.7,21.6,서울특별시 서초구 서초4동,32,40,486826.0,466954.0
11220550,잠원동,25168,8437.0,41.8,14336.3,18.9,111.1,17.0,서울특별시 서초구 잠원동,19,35,378294.0,473806.0
11220560,반포본동,109,37.0,44.1,112.2,23.2,237.5,9.8,서울특별시 서초구 반포본동,3,18,74870.0,94893.0
11220570,반포1동,32279,10231.0,39.9,32551.8,17.9,87.2,20.5,서울특별시 서초구 반포1동,19,39,366290.0,316019.0
11220580,반포2동,19883,6595.0,40.5,14253.2,22.3,83.3,26.8,서울특별시 서초구 반포2동,17,27,261635.0,283559.0
11220590,반포3동,22198,7680.0,41.6,17747.5,21.1,103.0,20.5,서울특별시 서초구 반포3동,15,24,425598.0,356402.0
11220600,반포4동,17522,5933.0,42.5,12286.9,24.8,125.8,19.7,서울특별시 서초구 반포4동,33,29,564847.0,564787.0
11220610,방배본동,19000,5729.0,43.0,28064.9,23.4,137.3,17.1,서울특별시 서초구 방배본동,19,17,180689.0,165566.0
11220620,방배1동,15568,5529.0,44.3,22604.0,27.0,212.5,12.7,서울특별시 서초구 방배1동,20,18,266338.0,230078.0
11220630,방배2동,17091,5096.0,45.5,8983.0,30.6,245.9,12.4,서울특별시 서초구 방배2동,28,26,336983.0,329947.0
11220640,방배3동,15445,5360.0,45.1,6507.7,30.5,192.4,15.9,서울특별시 서초구 방배3동,41,16,270985.0,248257.0
11220650,방배4동,21665,7551.0,43.0,22833.8,23.0,151.1,15.2,서울특별시 서초구 방배4동,27,25,218924.0,233111.0
11220660,양재1동,40223,14079.0,43.7,6983.0,27.3,154.5,17.7,서울특별시 서초구 양재1동,66,43,934681.0,912972.0
11220670,양재2동,20566,7045.0,42.9,2721.3,19.6,188.0,10.4,서울특별시 서초구 양재2동,56,32,500511.0,489904.0
11220680,내곡동,16026,5302.0,44.5,1262.0,32.1,154.1,20.9,서울특별시 서초구 내곡동,57,20,209156.0,202214.0
11230510,신사동,14143,4572.0,45.5,6873.3,30.8,228.4,13.5,서울특별시 강남구 신사동,12,29,372415.0,347742.0
11230511,개포3동,15994,6615.0,45.2,12309.8,32.8,204.9,16.0,서울특별시 강남구 개포3동,11,5,80590.0,74684.0
11230520,논현1동,20550,7337.0,42.5,16338.2,17.2,373.7,4.6,서울특별시 강남구 논현1동,17,36,529290.0,479213.0
11230530,논현2동,19566,6853.0,43.5,13425.1,21.2,253.6,8.4,서울특별시 강남구 논현2동,26,21,400109.0,454471.0
11230580,삼성1동,11344,3925.0,45.1,5838.0,27.6,222.2,12.4,서울특별시 강남구 삼성1동,25,29,645543.0,567322.0
11230590,삼성2동,28760,10237.0,41.1,23168.8,17.9,111.5,16.0,서울특별시 강남구 삼성2동,19,24,413371.0,366743.0
11230600,대치1동,22447,6907.0,39.5,27739.6,17.2,68.2,25.2,서울특별시 강남구 대치1동,17,24,531028.0,496775.0
11230630,대치4동,18049,5787.0,41.2,25764.2,14.3,163.0,8.8,서울특별시 강남구 대치4동,14,28,452158.0,482237.0
11230640,역삼1동,33619,10104.0,41.0,14243.3,13.1,299.7,4.4,서울특별시 강남구 역삼1동,37,53,1379773.0,1198217.0
11230650,역삼2동,34689,11382.0,39.4,30585.5,14.3,76.8,18.6,서울특별시 강남구 역삼2동,26,30,599286.0,514200.0
11230660,도곡1동,19319,6478.0,42.2,18402.4,22.4,125.0,17.9,서울특별시 강남구 도곡1동,20,41,459384.0,429622.0
11230670,도곡2동,29819,9881.0,42.6,30119.9,25.3,117.8,21.4,서울특별시 강남구 도곡2동,17,25,296733.0,288826.0
11230680,개포1동,6359,1836.0,47.1,4389.0,42.2,218.7,19.3,서울특별시 강남구 개포1동,14,17,134673.0,171337.0
11230710,개포4동,22186,7481.0,42.7,13331.4,22.4,145.9,15.3,서울특별시 강남구 개포4동,26,13,172553.0,195543.0
11230720,일원본동,21605,7137.0,41.6,9182.6,23.2,105.9,21.9,서울특별시 강남구 일원본동,28,14,279554.0,256014.0
11230730,일원1동,14060,5068.0,47.0,14757.5,35.0,357.9,9.8,서울특별시 강남구 일원1동,15,6,103204.0,126458.0
11230750,수서동,13465,6976.0,53.3,8270.1,63.8,759.2,8.4,서울특별시 강남구 수서동,18,19,477954.0,414348.0
11230760,세곡동,44025,13671.0,41.9,6920.0,24.6,120.8,20.4,서울특별시 강남구 세곡동,65,15,507386.0,506497.0
11230770,압구정동,23265,8316.0,45.8,9928.4,34.3,192.4,17.8,서울특별시 강남구 압구정동,18,18,716749.0,660018.0
11230780,청담동,22903,8040.0,43.2,9840.4,22.7,153.8,14.7,서울특별시 강남구 청담동,21,25,635586.0,618817.0
11230790,대치2동,35686,11350.0,41.5,19437.2,21.1,104.3,20.3,서울특별시 강남구 대치2동,27,37,586859.0,613330.0
11230800,개포2동,39231,13657.0,40.2,17501.2,18.4,87.3,21.1,서울특별시 강남구 개포2동,33,21,399177.0,322244.0
11240510,풍납1동,12281,3133.0,48.3,11429.9,34.8,356.1,9.8,서울특별시 송파구 풍납1동,8,10,135115.0,113987.0
11240520,풍납2동,22758,7400.0,43.2,8880.9,25.3,171.2,14.8,서울특별시 송파구 풍납2동,20,12,192203.0,178491.0
11240530,거여1동,11608,3496.0,46.7,22241.7,31.0,309.1,10.0,서울특별시 송파구 거여1동,9,9,94633.0,96627.0
11240540,거여2동,22644,8340.0,44.4,44467.8,27.8,171.7,16.2,서울특별시 송파구 거여2동,7,7,86675.0,91934.0
11240550,마천1동,17413,5203.0,48.4,30293.6,36.3,338.8,10.7,서울특별시 송파구 마천1동,15,9,103149.0,93895.0
11240560,마천2동,17309,5234.0,49.5,19448.5,37.3,435.2,8.6,서울특별시 송파구 마천2동,14,9,193895.0,183817.0
11240570,방이1동,14592,4985.0,43.3,23969.0,22.4,161.1,13.9,서울특별시 송파구 방이1동,11,14,111013.0,109621.0
11240580,방이2동,25888,8134.0,42.0,33653.8,17.8,283.9,6.3,서울특별시 송파구 방이2동,13,15,249417.0,257631.0
11240590,오륜동,17335,5497.0,42.7,5623.3,26.2,149.1,17.6,서울특별시 송파구 오륜동,17,17,195048.0,240753.0
11240600,오금동,35838,12576.0,45.0,21751.8,27.5,202.3,13.6,서울특별시 송파구 오금동,34,18,334703.0,318506.0
11240610,송파1동,22724,9325.0,43.1,33106.3,20.4,264.6,7.7,서울특별시 송파구 송파1동,14,26,290431.0,304993.0
11240620,송파2동,17761,6240.0,43.3,28168.2,24.5,153.1,16.0,서울특별시 송파구 송파2동,13,11,69603.0,122846.0
11240630,석촌동,30327,12324.0,43.4,32051.9,20.4,255.2,8.0,서울특별시 송파구 석촌동,18,25,367865.0,395947.0
11240640,삼전동,28335,11600.0,42.8,29744.8,19.2,228.3,8.4,서울특별시 송파구 삼전동,15,10,249894.0,244984.0
11240650,가락본동,24604,8395.0,44.4,24265.5,22.9,213.1,10.7,서울특별시 송파구 가락본동,23,29,300984.0,280275.0
11240660,가락1동,26256,9513.0,40.5,18860.0,21.4,90.6,23.6,서울특별시 송파구 가락1동,11,27,216936.0,209294.0
11240670,가락2동,29827,10344.0,42.5,32017.4,21.2,135.4,15.7,서울특별시 송파구 가락2동,22,16,207235.0,190510.0
11240680,문정1동,18816,6836.0,43.9,30741.5,23.4,193.1,12.1,서울특별시 송파구 문정1동,16,22,148501.0,212366.0
11240690,문정2동,27372,5548.0,42.2,12218.0,20.1,220.4,9.1,서울특별시 송파구 문정2동,30,25,280196.0,276489.0
11240710,잠실본동,27167,10134.0,42.8,26421.7,18.7,263.1,7.1,서울특별시 송파구 잠실본동,12,24,339989.0,280133.0
11240750,잠실4동,19916,6800.0,40.9,25546.4,23.0,85.8,26.8,서울특별시 송파구 잠실4동,12,12,94296.0,115001.0
11240770,잠실6동,15381,5220.0,44.3,10207.5,30.0,155.4,19.3,서울특별시 송파구 잠실6동,13,27,542033.0,540117.0
11240780,잠실7동,8581,3159.0,48.0,11869.7,40.8,299.1,13.6,서울특별시 송파구 잠실7동,3,21,138245.0,83976.0
11240790,잠실2동,32990,11033.0,39.0,12287.7,16.7,63.5,26.3,서울특별시 송파구 잠실2동,9,22,158310.0,218168.0
11240800,잠실3동,31835,10892.0,43.6,20652.6,28.8,142.7,20.2,서울특별시 송파구 잠실3동,25,32,554526.0,544489.0
11240810,장지동,27617,10613.0,43.4,21620.3,24.1,162.8,14.8,서울특별시 송파구 장지동,43,28,338637.0,274366.0
11240820,위례동,43569,13694.0,35.9,16512.2,12.4,38.0,32.7,서울특별시 송파구 위례동,55,24,441164.0,432707.0
11250530,명일1동,24190,8164.0,42.9,38127.7,25.9,144.1,18.0,서울특별시 강동구 명일1동,19,13,198914.0,212225.0
11250540,명일2동,16318,4550.0,42.7,17860.9,24.6,143.9,17.1,서울특별시 강동구 명일2동,12,13,164119.0,135369.0
11250550,고덕1동,23284,6931.0,39.7,15360.8,19.4,72.3,26.8,서울특별시 강동구 고덕1동,32,12,137931.0,129988.0
11250560,고덕2동,22432,6757.0,41.3,9063.9,23.0,97.2,23.6,서울특별시 강동구 고덕2동,41,19,280254.0,305031.0
11250580,암사2동,14447,5215.0,43.6,6649.5,25.9,164.1,15.8,서울특별시 강동구 암사2동,6,6,48118.0,68026.0
11250590,암사3동,16462,5495.0,42.4,9155.9,25.7,114.7,22.4,서울특별시 강동구 암사3동,16,8,91895.0,100693.0
11250610,천호1동,25361,8150.0,46.7,37938.4,31.5,306.9,10.3,서울특별시 강동구 천호1동,13,7,117299.0,112006.0
11250630,천호3동,25588,7823.0,45.0,45601.9,25.8,315.9,8.2,서울특별시 강동구 천호3동,9,11,108666.0,98294.0
11250650,성내1동,18705,6726.0,43.3,28205.9,24.1,162.8,14.8,서울특별시 강동구 성내1동,20,12,179848.0,157903.0
11250660,성내2동,23265,7280.0,45.6,37244.2,27.2,369.2,7.4,서울특별시 강동구 성내2동,15,16,245331.0,266060.0
11250670,성내3동,21833,6929.0,45.2,33752.6,25.9,262.7,9.9,서울특별시 강동구 성내3동,13,12,150816.0,162301.0
11250700,둔촌1동,26,,50.6,28.5,30.0,0.0,0.0,서울특별시 강동구 둔촌1동,12,6,91201.0,74070.0
11250710,둔촌2동,23704,7748.0,44.9,15300.3,28.1,206.4,13.6,서울특별시 강동구 둔촌2동,30,12,220704.0,246708.0
11250720,암사1동,32884,10356.0,45.4,44745.8,27.4,233.3,11.7,서울특별시 강동구 암사1동,11,7,91403.0,89835.0
11250730,천호2동,33311,9971.0,45.9,18008.5,28.3,301.2,9.4,서울특별시 강동구 천호2동,21,9,316240.0,274082.0
11250740,길동,43317,14327.0,45.6,26569.2,27.9,277.0,10.1,서울특별시 강동구 길동,34,15,336737.0,317245.0
11250750,강일동,31908,12048.0,43.0,14054.0,28.5,137.7,20.7,서울특별시 강동구 강일동,44,21,318595.0,307569.0
11250760,상일1동,37935,12259.0,39.7,21044.2,19.6,71.6,27.4,서울특별시 강동구 상일1동,37,18,327460.0,278835.0
11250770,상일2동,11591,4694.0,41.3,10390.6,24.9,117.1,21.3,서울특별시 강동구 상일2동,17,7,49622.0,77099.0
